"pathway_id","pathway_name","n_genes","acat_p","fisher_p","tfisher_p","stouffer_p","minp_gene_p","omni_p","omni_p_BH","omni_perm_p","omni_perm_p_BH","omni_final_p","omni_final_BH"
"PWY-7206","pyrimidine deoxyribonucleotides dephosphorylation",4,0.0281916589712284,0.0078604752931928,0.0257672392120096,0.0124666690234841,0.0296640959012599,0.0386893434469282,0.999992394564124,0.0561943805619438,1,0.0561943805619438,1
"HOMOSERSYN-PWY","L-homoserine biosynthesis",13,0.0024876597162871,9.07594730479687e-05,4.43332651343109e-05,0.000160510361976287,0.00330708129492436,0.000221646672158848,0.0498705012357409,0.140885911408859,1,0.140885911408859,1
"PWY-5733","germacrene biosynthesis",2,0.0297134492585916,0.0115341924530179,0.0306091604654024,0.0183050706297452,0.032644104119011,0.0563558428310963,0.999992394564124,0.150884911508849,1,0.150884911508849,1
"PWY-5122","geranyl diphosphate biosynthesis",2,0.0868071844242115,0.0634035915343187,0.0813422062695339,0.067366108674088,0.106411944862453,0.279286859648649,0.999992394564124,0.151684831516848,1,0.151684831516848,1
"PWY18C3-24","methylsalicylate degradation",2,0.139940012625079,0.0879853948133286,0.142775517077931,0.118568644152062,0.176879186187863,0.369029628820468,0.999992394564124,0.213178682131787,1,0.213178682131787,1
"PWY18C3-1","cholesterol biosynthesis (plants, early side-chain reductase)",2,0.173620642356421,0.129781818338013,0.190576936519181,0.165523101189449,0.214800081303102,0.500953786989139,0.999992394564124,0.301669833016698,1,0.301669833016698,1
"PWY-6235","hydroxyjasmonate sulfate biosynthesis",2,0.231323953662264,0.167979486218325,0.250771212624164,0.195107808990544,0.24593566086127,0.601278026157016,0.999992394564124,0.377762223777622,1,0.377762223777622,1
"PWY4FS-10","scopolin biosynthesis",4,0.116272784941366,0.0753118406921085,0.10936345116846,0.0842912992767952,0.151060213064246,0.323953634253241,0.999992394564124,0.411058894110589,1,0.411058894110589,1
"PWY-4361","<i>S</i>-methyl-5-thio-&alpha;-D-ribose 1-phosphate degradation I",11,0.00861249357261466,0.0024105745772,0.0197787864604441,0.00910430081308467,0.00947329464868544,0.0119949040946776,0.674713355325617,0.412658734126587,1,0.412658734126587,1
"PWY-5142","acyl-[acyl-carrier protein] thioesterase pathway",6,0.0807003997094351,0.0436726259563031,0.0704356914811144,0.0353850360453185,0.099799891562656,0.164839445471543,0.999992394564124,0.43025697430257,1,0.43025697430257,1
"PWY-6291","valencene and 7-epi-&alpha;-selinene biosynthesis",2,0.266376757388773,0.211873297552793,0.334241849277562,0.270175184402401,0.279900496667702,0.695925353709594,0.999992394564124,0.455254474552545,1,0.455254474552545,1
"PWY-7120","esterified suberin biosynthesis",4,0.1445253394347,0.0888440673988027,0.149726263990906,0.123067618792912,0.177769356054546,0.371994371382967,0.999992394564124,0.467053294670533,1,0.467053294670533,1
"PWYQT-4449","polyisoprenoid biosynthesis",5,0.109482979911419,0.0646714560642085,0.0813422062695339,0.0743258507216214,0.108875345210568,0.284151794242144,0.999992394564124,0.481051894810519,1,0.481051894810519,1
"PWY-8011","L-serine biosynthesis II",10,0.0157445575219544,0.00754650694352918,0.0244064751123472,0.0124666690234841,0.0137496191731504,0.037167318573379,0.999992394564124,0.481351864813519,1,0.481351864813519,1
"PWY-7280","ternatin C3 biosynthesis",2,0.284494609972645,0.251278991689593,0.373197231530453,0.288448404861237,0.298635865195751,0.764711827965483,0.999992394564124,0.50984901509849,1,0.50984901509849,1
"PWY-7345","superpathway of anaerobic sucrose degradation",2,0.291390974788831,0.266105212414003,0.383045635537753,0.306908556708905,0.302046460979945,0.787103257759057,0.999992394564124,0.535846415358464,1,0.535846415358464,1
"PWY-6163","chorismate biosynthesis from 3-dehydroquinate",8,0.0513166385559597,0.0288580344855872,0.0436726259563032,0.0308308736921264,0.0792836406266287,0.136199188949941,0.999992394564124,0.567543245675432,1,0.567543245675432,1
"PWY-6144","CMP-<i>N</i>-glycoloylneuraminate biosynthesis",2,0.303026162346794,0.290113136376996,0.409405246201886,0.333352618471894,0.328542464722413,0.819720768371351,0.999992394564124,0.575642435756424,1,0.575642435756424,1
"PWY-6498","eumelanin biosynthesis",2,0.323726265300858,0.299069633115175,0.427586017326552,0.339284973404466,0.339969843311149,0.830810121658015,0.999992394564124,0.585441455854415,1,0.585441455854415,1
"PWYDQC-4","indole-3-acetate biosynthesis I",17,0.00791476898657519,0.00179458821510303,0.00893259304859662,0.00437889785273179,0.00787777746935262,0.00894079335061071,0.670559501295803,0.612138786121388,1,0.612138786121388,1
"PWY-5947","lutein biosynthesis",2,0.344037739839583,0.31602058040691,0.51053426900023,0.354632788443931,0.366909141670228,0.850302284864991,0.999992394564124,0.613338666133387,1,0.613338666133387,1
"PWY-5115","GDP-L-galactose biosynthesis",2,0.375077540999575,0.337619687352931,0.689207512251022,0.376980878691488,0.395138740037608,0.872492104140419,0.999992394564124,0.64003599640036,1,0.64003599640036,1
"PWY-5886","3-(4-hydroxyphenyl)pyruvate biosynthesis",4,0.179656695030124,0.154724477789695,0.207441092202921,0.180776493288747,0.222631428741326,0.568489405018457,0.999992394564124,0.642935706429357,1,0.642935706429357,1
"PWY-7196","superpathway of pyrimidine ribonucleosides salvage",8,0.0834669376464367,0.0436726259563031,0.0741662017258383,0.0467851733476883,0.099799891562656,0.200105084374848,0.999992394564124,0.681231876812319,1,0.681231876812319,1
"PWY-6465","&omega;-hydroxylation of caprate and laurate",2,0.476884016320021,0.445138896026966,1,0.497483769792299,0.506245893545585,0.90521554298237,0.999992394564124,0.686331366863314,1,0.686331366863314,1
"PWY-6468","&omega;- hydroxylation of laurate",2,0.476884016320021,0.445897651969463,1,0.497483769792299,0.506488797175871,0.905732940109855,0.999992394564124,0.687531246875312,1,0.687531246875312,1
"PROUT-PWY","L-proline degradation I",6,0.132296318675155,0.0834770096276214,0.113470112277846,0.095876797871003,0.158923220056063,0.353279217780335,0.999992394564124,0.69053094690531,1,0.69053094690531,1
"PWY-5326","sulfite oxidation IV (sulfite oxidase)",2,0.482084874435645,0.449145289278096,1,0.500754646775171,0.511470021893119,0.907923612727667,0.999992394564124,0.699030096990301,1,0.699030096990301,1
"GLYSYN2-PWY","glycine biosynthesis",16,0.014296027812493,0.00423810863443382,0.0212020733524829,0.0111445019229283,0.00975080775807954,0.0210116871431034,0.945525921439654,0.724327567243276,1,0.724327567243276,1
"PWY-7208","superpathway of pyrimidine nucleobases salvage",8,0.0834669376464367,0.0512321159920074,0.0787609383056259,0.066820315412337,0.103881898921895,0.231223894357229,0.999992394564124,0.724727527247275,1,0.724727527247275,1
"PWY-6762","salicylate glucosides biosynthesis IV",5,0.179345633308417,0.141930559090215,0.205118135596809,0.180663188736495,0.219932590390344,0.534829487256749,0.999992394564124,0.744225577442256,1,0.744225577442256,1
"PWY-5097","L-lysine biosynthesis VI",25,0.0048084253703613,0.00075413876010125,0.000409840528667882,0.0019851890879384,0.00485956827886368,0.00204752363901506,0.230346409389194,0.781921807819218,1,0.781921807819218,1
"PWY-6363","D-<i>myo</i>-inositol (1,4,5)-trisphosphate degradation",6,0.175027149015513,0.130701889886325,0.200270849027093,0.171260029166904,0.215280577388021,0.50358639299683,0.999992394564124,0.818918108189181,1,0.818918108189181,1
"PWY-6754","<i>S</i>-methyl-5'-thioadenosine degradation I",5,0.245654427627777,0.194679733850036,0.282841354255084,0.256692620702717,0.262658019099858,0.661278205143755,0.999992394564124,0.84011598840116,1,0.84011598840116,1
"PWY-8159","dipyrromethane cofactor biosynthesis",2,0.40075148025728,0.351591778237374,0.918612371787668,0.415405050151898,0.413904615719417,0.885384708006471,0.999992394564124,0.871112888711129,1,0.871112888711129,1
"PWY-6540","costunolide biosynthesis",2,0.603740764733342,0.571810545468906,1,0.576439686129152,0.645335611653676,0.966384167655729,0.999992394564124,0.876712328767123,1,0.876712328767123,1
"PWY-5704","urea degradation II",2,0.648672184264164,0.654737885918802,1,0.662612910488289,0.715665325004742,0.984764730446153,0.999992394564124,0.877512248775122,1,0.877512248775122,1
"PWY-63","UDP-&beta;-L-arabinose biosynthesis I (from UDP-&alpha;-D-xylose)",4,0.327454587352535,0.301180993013238,0.444242533982687,0.339570674491263,0.349105962723585,0.83334300620316,0.999992394564124,0.881611838816118,1,0.881611838816118,1
"OXIDATIVEPENT-PWY","pentose phosphate pathway (oxidative branch) I",12,0.0746890738405569,0.0401369365056079,0.0684390984544005,0.0347772506243425,0.0978699704896313,0.162205034398476,0.999992394564124,0.89051094890511,1,0.89051094890511,1
"PWY-8105","queuosine biosynthesis II (queuine salvage)",2,0.700964927135389,0.719447098020832,1,0.748232367597254,0.78108159333255,0.992003710422306,0.999992394564124,0.906609339066093,1,0.906609339066093,1
"PWY0A-6303","methyl indole-3-acetate interconversion",7,0.187786547739854,0.156180820557268,0.220910563907091,0.181638107157421,0.224781847471515,0.572193910734924,0.999992394564124,0.921107889211079,1,0.921107889211079,1
"POLYAMINSYN3-PWY","superpathway of polyamine biosynthesis II",3,0.604026602983867,0.573638485911927,1,0.57686209323988,0.650105033085862,0.966954526191608,0.999992394564124,0.929407059294071,1,0.929407059294071,1
"PWY-7458","violdelphin biosynthesis",6,0.152725958203064,0.100074097979891,0.167345408343111,0.132108559965042,0.197931686627004,0.409753038400505,0.999992394564124,0.935206479352065,1,0.935206479352065,1
"PWY-7464","cyanidin 3,7-diglucoside polyacylation biosynthesis",6,0.152725958203064,0.10578783843683,0.176989823925766,0.134056762674396,0.200105084374848,0.428254361187417,0.999992394564124,0.941405859414059,1,0.941405859414059,1
"PWY-7528","L-methionine salvage cycle I (bacteria and plants)",5,0.412661085712783,0.373798373106041,1,0.421866512579559,0.419021135631423,0.846235257114207,0.999992394564124,0.946105389461054,1,0.946105389461054,1
"PWY-3341","L-proline biosynthesis III (from L-ornithine)",2,0.777745413817306,0.825705519418897,1,0.855056396882834,0.886843822002846,0.997559926404967,0.999992394564124,0.949305069493051,1,0.949305069493051,1
"METHIONINE-DEG1-PWY","L-methionine degradation I (to L-homocysteine)",6,0.290731000354731,0.258781925833399,0.381481334334045,0.299053444974395,0.300395332826455,0.77626702168933,0.999992394564124,0.957804219578042,1,0.957804219578042,1
"PWY-702","L-methionine biosynthesis II",5,0.375667624459666,0.337718983269213,0.799520861775497,0.386512185915523,0.398158138613977,0.872587647574552,0.999992394564124,0.958104189581042,1,0.958104189581042,1
"GLUTAMATE-DEG1-PWY","L-glutamate degradation I",2,0.959192312412246,0.982499841256716,1,NA,NA,0.99833473263374,0.999992394564124,0.959204079592041,1,0.959204079592041,1
"PWY-1801","formaldehyde oxidation II (glutathione-dependent)",4,0.515942197325887,0.529994980398264,1,0.528077013128191,0.569474028971246,0.945097907120953,0.999992394564124,0.961003899610039,1,0.961003899610039,1
"PWY-6543","4-aminobenzoate biosynthesis I",3,0.654682928089715,0.655081219331372,1,0.66279201873141,0.717400014698905,0.98578089704613,0.999992394564124,0.964003599640036,1,0.964003599640036,1
"PWY-6950","DIMBOA-glucoside biosynthesis",7,0.282969689241888,0.224825058280555,0.364979639337711,0.285677169588187,0.293390808622503,0.720102753305677,0.999992394564124,0.967203279672033,1,0.967203279672033,1
"PWY-7590","(7Z,10Z,13Z)-hexadecatrienoate biosynthesis",3,0.66515368355424,0.685566036705159,1,0.700776420395377,0.739027195423794,0.987428644639668,0.999992394564124,0.969403059694031,1,0.969403059694031,1
"PWY-46","putrescine biosynthesis III",4,0.547075940428269,0.554129098126596,1,0.546464590138771,0.596752869566511,0.957689826973906,0.999992394564124,0.970602939706029,1,0.970602939706029,1
"PWY-6066","IAA biosynthesis VII",3,0.680985366838072,0.69312185079563,1,0.706650098501923,0.765977687711907,0.989642798675552,0.999992394564124,0.971002899710029,1,0.971002899710029,1
"PWY-5863","superpathway of phylloquinol biosynthesis",8,0.240761160494653,0.18929816507248,0.276729598633955,0.250774856439268,0.258406242998353,0.649808355284226,0.999992394564124,0.971102889711029,1,0.971102889711029,1
"PWY66-423","fructose 2,6-bisphosphate biosynthesis",2,0.811908829393155,0.856769175614797,1,0.876776787317453,0.914766499508997,0.998748376705623,0.999992394564124,0.971402859714029,1,0.971402859714029,1
"PWY-861","dhurrin biosynthesis",8,0.0853372632472569,0.0529493377698644,0.0809300271686546,0.067366108674088,0.104914834777525,0.238155984348434,0.999992394564124,0.972402759724028,1,0.972402759724028,1
"PWY-6577","farnesylcysteine salvage pathway",4,0.605806470944542,0.581110228488432,1,0.582886147933488,0.664178876266153,0.969210756138961,0.999992394564124,0.978102189781022,1,0.978102189781022,1
"PWY-6237","nucleobase ascorbate transport I",2,0.974417259495109,0.993671818074559,1,NA,NA,0.99934552338826,0.999992394564124,0.978302169783022,1,0.978302169783022,1
"PWY-621","sucrose degradation III (sucrose invertase)",16,0.072533329667118,0.034043324009812,0.0670870531293409,0.0330741674322688,0.09151718074765,0.154787686632935,0.999992394564124,0.978502149785021,1,0.978502149785021,1
"PWY-6120","L-tyrosine biosynthesis III",5,0.499614126971829,0.486971733907048,1,0.522515234961503,0.54588687251249,0.930726811843044,0.999992394564124,0.981001899810019,1,0.981001899810019,1
"PANTO-PWY","phosphopantothenate biosynthesis I",3,0.714930352205141,0.73042942122367,1,0.753746052343033,0.802700268509308,0.993396047868533,0.999992394564124,0.982001799820018,1,0.982001799820018,1
"PWY-5121","superpathway of geranylgeranyl diphosphate biosynthesis II (via MEP)",8,0.240761160494653,0.189066346801922,0.271134738115672,0.226246291494426,0.258063658581966,0.649307386505403,0.999992394564124,0.982901709829017,1,0.982901709829017,1
"PWY-8137","NADPH repair (eukaryotes)",2,0.864568735064303,0.901890828925017,1,0.957151441432945,0.963198554227424,0.999663584699841,0.999992394564124,0.983201679832017,1,0.983201679832017,1
"PWY-5910","superpathway of geranylgeranyldiphosphate biosynthesis I (via mevalonate)",8,0.240761160494653,0.191030573811373,0.282288178034766,0.252897181430862,0.261427722151219,0.653534063901982,0.999992394564124,0.983601639836016,1,0.983601639836016,1
"PWY-5957","L-nicotianamine biosynthesis",9,0.233073709761579,0.179524863896293,0.25169782730676,0.208296691909806,0.250715807409797,0.628184814484247,0.999992394564124,0.984501549845015,1,0.984501549845015,1
"PWY-5453","methylglyoxal degradation III",6,0.430843481957716,0.415225999960017,1,0.455409968821087,0.483526325966592,0.883062926762122,0.999992394564124,0.985501449855015,1,0.985501449855015,1
"PWY1F-823","leucopelargonidin and leucocyanidin biosynthesis",9,0.237827622289652,0.183858696228606,0.253325320321276,0.220019313924478,0.258021914437716,0.637901448724761,0.999992394564124,0.986201379862014,1,0.986201379862014,1
"HEME-BIOSYNTHESIS-II","heme <i>b</i> biosynthesis I (aerobic)",9,0.262746965127293,0.206787317106892,0.312243396093564,0.264922429642361,0.27056454329899,0.685986551597843,0.999992394564124,0.98970102989701,1,0.98970102989701,1
"PWY-2841","cytokinins degradation",2,0.986022775729511,0.999824303593305,1,NA,NA,0.999804637201692,0.999992394564124,0.991000899910009,1,0.991000899910009,1
"PWY-7205","CMP phosphorylation",9,0.278989954308508,0.220526284321682,0.36075635591674,0.278138737353507,0.287166237509817,0.712255271877209,0.999992394564124,0.991600839916008,1,0.991600839916008,1
"SERSYN-PWY","L-serine biosynthesis I",6,0.498546388987214,0.486321684873814,1,0.517861583917458,0.539781497054504,0.930375044650414,0.999992394564124,0.992300769923008,1,0.992300769923008,1
"PWY-5268","salvianin biosynthesis",3,0.94748528326277,0.977814527659894,1,NA,NA,0.997242204526009,0.999992394564124,0.992300769923008,1,0.992300769923008,1
"PWY-2541","phytosterol biosynthesis (plants)",13,0.138267220979821,0.0879158518487178,0.132286157316934,0.117840557696909,0.165421953287366,0.368789028273812,0.999992394564124,0.994000599940006,1,0.994000599940006,1
"PWY-6613","tetrahydrofolate salvage from 5,10-methenyltetrahydrofolate",4,0.684305259933244,0.694330095597463,1,0.708925446133113,0.770073445528487,0.990067252763651,0.999992394564124,0.994200579942006,1,0.994200579942006,1
"PWY-5925","hydroxylated mugineic acid phytosiderophore biosynthesis",3,0.827660487238545,0.869467871920729,1,0.908920798017677,0.925019463223217,0.99911785608424,0.999992394564124,0.994900509949005,1,0.994900509949005,1
"PWY-4381","fatty acid biosynthesis initiation (type II)",6,0.514443371270549,0.499188041655241,1,0.527060325276091,0.555217470862883,0.937093030842045,0.999992394564124,0.995000499950005,1,0.995000499950005,1
"PWY-6019","pseudouridine degradation",3,0.970970777573551,0.991677854273786,1,NA,NA,0.999157304245316,0.999992394564124,0.995100489951005,1,0.995100489951005,1
"PWY-5034","gibberellin A<sub>12</sub> biosynthesis",4,0.596864085772513,0.570066136500675,1,0.573760453203348,0.642785289411993,0.965833018406978,0.999992394564124,0.996400359964004,1,0.996400359964004,1
"PWY-7344","UDP-&alpha;-D-galactose biosynthesis",4,0.730684694096189,0.749611934720869,1,0.786082199548071,0.805709679358381,0.994739292626282,0.999992394564124,0.996700329967003,1,0.996700329967003,1
"PWY-6483","ceramide degradation (generic)",6,0.549254766073153,0.558412249785567,1,0.551813137964879,0.627400689365978,0.958721436709435,0.999992394564124,0.997100289971003,1,0.997100289971003,1
"PWY4FS-4","phosphatidylcholine biosynthesis IV",8,0.415911592497249,0.398275411168242,1,0.429847992512438,0.436222867245708,0.868903518643895,0.999992394564124,0.997200279972003,1,0.997200279972003,1
"PWY-6147","6-hydroxymethyl-dihydropterin diphosphate biosynthesis I",5,0.677430411261361,0.686005894660863,1,0.701766878329109,0.743803071549171,0.989173360352308,0.999992394564124,0.997800219978002,1,0.997800219978002,1
"PWY-6030","serotonin and melatonin biosynthesis",9,0.322757111039923,0.292330052726303,0.422113776467443,0.334066250005161,0.33458446614926,0.822518224885074,0.999992394564124,0.998000199980002,1,0.998000199980002,1
"PWY3O-4107","NAD salvage pathway V (PNC V cycle)",15,0.147903728373838,0.097912707747343,0.161516824919163,0.126853120568721,0.182168761379367,0.402630803027747,0.999992394564124,0.998300169983002,1,0.998300169983002,1
"PWY-7546","diphthamide biosynthesis II (eukaryotes)",7,0.48955808138731,0.470273178114226,1,0.516281125361576,0.531232860777171,0.921257744020524,0.999992394564124,0.998300169983002,1,0.998300169983002,1
"PWY-3982","uracil degradation I (reductive)",5,0.695099617306599,0.715848428613485,1,0.726724814328646,0.771868719775671,0.991357649455279,0.999992394564124,0.998300169983002,1,0.998300169983002,1
"PWY-6745","phytochelatins biosynthesis",4,0.953743987284563,0.98011150986982,1,NA,NA,0.997860381287669,0.999992394564124,0.998500149985001,1,0.998500149985001,1
"PWY-6441","spermine and spermidine degradation III",15,0.0522378305802905,0.0288580344855872,0.0436726259563032,0.0322325629459996,0.0794745954047286,0.136199188949941,0.999992394564124,0.998600139986001,1,0.998600139986001,1
"PWY4FS-3","phosphatidylcholine biosynthesis III",9,0.413376673039925,0.396921776074122,1,0.425577386908204,0.422254531879272,0.867719877436946,0.999992394564124,0.998600139986001,1,0.998600139986001,1
"PWY-5434","(3<i>E</i>)-4,8-dimethylnona-1,3,7-triene biosynthesis I",4,0.808365934989164,0.849931583885441,1,0.868499348317553,0.906470685138492,0.998651376110691,0.999992394564124,0.998900109989001,1,0.998900109989001,1
"PWY-5060","luteolin biosynthesis",18,0.114696974184935,0.067438933196599,0.0865742844234082,0.0811128197938702,0.115425026621417,0.294679671078322,0.999992394564124,0.999000099990001,1,0.999000099990001,1
"PWY-6333","acetaldehyde biosynthesis I",9,0.420753894689671,0.409633605537151,1,0.442050264392413,0.457541155437273,0.878525110586456,0.999992394564124,0.999100089991001,1,0.999100089991001,1
"CITRULLINE-DEG-PWY","L-citrulline degradation",14,0.211316093419075,0.167979486218325,0.246784346154,0.195023210513787,0.232358736714152,0.601278026157016,0.999992394564124,0.999300069993001,1,0.999300069993001,1
"PWY-7985","oxalate degradation VI",12,0.280948895811179,0.224343909207061,0.36075635591674,0.279434841582941,0.293051738583348,0.719233016818079,0.999992394564124,0.999300069993001,1,0.999300069993001,1
"PWY-1822","indole-3-acetate activation I",5,0.727319192724299,0.740394499287935,1,0.775590707965138,0.803031157591634,0.994471360347716,0.999992394564124,0.999300069993001,1,0.999300069993001,1
"PWY-6440","spermine and spermidine degradation II",3,0.981744939543749,0.999824303593305,1,NA,NA,0.999666752767739,0.999992394564124,0.999300069993001,1,0.999300069993001,1
"PWY3O-450","phosphatidylcholine biosynthesis I",9,0.379777671212479,0.339394783740312,0.836638492796409,0.386960680296657,0.400712982284533,0.874191497436712,0.999992394564124,0.999400059994001,1,0.999400059994001,1
"PWY-4861","UDP-&alpha;-D-galacturonate biosynthesis I (from UDP-D-glucuronate)",9,0.427143225245117,0.41263815446342,1,0.448805197081336,0.481206888595664,0.880979183024672,0.999992394564124,0.999400059994001,1,0.999400059994001,1
"PWY-5172","acetyl-CoA biosynthesis from citrate",8,0.521318967821393,0.536541191665279,1,0.531016737607378,0.575269176652307,0.947496908631515,0.999992394564124,0.999500049995,1,0.999500049995,1
"PWY-8171","molybdenum cofactor biosynthesis",6,0.663490135933543,0.685566036705159,1,0.700776420395377,0.734926659489704,0.98717695410546,0.999992394564124,0.999500049995,1,0.999500049995,1
"PWY-2582","brassinolide biosynthesis II",9,0.431969284494192,0.419323317804364,1,0.474005553867049,0.485454582689284,0.886305999791789,0.999992394564124,0.999600039996,1,0.999600039996,1
"HISTSYN-PWY","L-histidine biosynthesis",10,0.292654333763959,0.269253804056054,0.383045635537753,0.314503014676715,0.310248856674161,0.791631139792979,0.999992394564124,0.999700029997,1,0.999700029997,1
"PWY-5872","ubiquinol-10 biosynthesis (late decarboxylation)",6,0.719650628279791,0.73072962737711,1,0.758367970299958,0.802700268509308,0.99382270490291,0.999992394564124,0.999700029997,1,0.999700029997,1
"ASPARTATE-DEG1-PWY","L-aspartate degradation I",4,0.858514846026277,0.885856972107475,1,0.937677426462762,0.936887209992215,0.999599277722442,0.999992394564124,0.999700029997,1,0.999700029997,1
"ASPARTATESYN-PWY","L-aspartate biosynthesis",4,0.858514846026277,0.886354338115122,1,0.940824209911232,0.943573364608161,0.999599277722442,0.999992394564124,0.999700029997,1,0.999700029997,1
"PWY-3001","superpathway of L-isoleucine biosynthesis I",4,0.858514846026277,0.88994875844928,1,0.944332834072172,0.94926464809432,0.999599277722442,0.999992394564124,0.999700029997,1,0.999700029997,1
"THRESYN-PWY","superpathway of L-threonine biosynthesis",4,0.858514846026277,0.900413872696632,1,0.953259872183385,0.952074731222185,0.999599277722442,0.999992394564124,0.999700029997,1,0.999700029997,1
"PWY-4984","urea cycle",13,0.276711316450382,0.217064123652066,0.356932880416497,0.274203647541506,0.282638237148814,0.705807924188173,0.999992394564124,0.999800019998,1,0.999800019998,1
"PWY-7199","pyrimidine deoxyribonucleosides salvage",8,0.565126448231963,0.56289403727032,1,0.558363499095349,0.630892929948991,0.961958306585043,0.999992394564124,0.999800019998,1,0.999800019998,1
"SULFMETII-PWY","assimilatory sulfate reduction II",9,0.571802162402923,0.56349851063634,1,0.559160975555507,0.636625604093898,0.962232335404576,0.999992394564124,0.999800019998,1,0.999800019998,1
"PWY-5350","thiosulfate disproportionation IV (rhodanese)",6,0.73724938070783,0.774926610937543,1,0.81738949706044,0.817738152370164,0.995233770029002,0.999992394564124,0.999800019998,1,0.999800019998,1
"PWY-922","mevalonate pathway I (eukaryotes and bacteria)",27,0.050241361485385,0.0282983967087197,0.0383159144780171,0.0289510906551844,0.0755163490125536,0.133707416081077,0.999992394564124,0.999900009999,1,0.999900009999,1
"PWYQT-4445","pyrimidine salvage pathway",18,0.171003987066125,0.127732482007352,0.186423099281559,0.161254520750712,0.212282766807096,0.495049854907243,0.999992394564124,0.999900009999,1,0.999900009999,1
"LEUSYN-PWY","L-leucine biosynthesis",19,0.175981215674353,0.140114226669443,0.201512888145874,0.174834702214689,0.215770078616134,0.529885314021515,0.999992394564124,0.999900009999,1,0.999900009999,1
"PWY-699","brassinolide biosynthesis I",9,0.431969284494192,0.419585944422503,1,0.475859112928063,0.486257482546739,0.88651154494936,0.999992394564124,0.999900009999,1,0.999900009999,1
"PWY-6786","detoxification of reactive carbonyls in chloroplasts",7,0.437389047198769,0.422930443045351,1,0.47692809185857,0.487466267065651,0.889104823720487,0.999992394564124,0.999900009999,1,0.999900009999,1
"PWY-641","proanthocyanidins biosynthesis from flavanols",9,0.509239698106459,0.495041405296781,1,0.523936630218993,0.550170627552012,0.934983576711196,0.999992394564124,0.999900009999,1,0.999900009999,1
"PWY-6012","acyl carrier protein metabolism",5,0.969963631414454,0.988559835379274,1,NA,NA,0.999097816562193,0.999992394564124,0.999900009999,1,0.999900009999,1
"PWY-7416","phospholipid remodeling (phosphatidylcholine, yeast)",45,0.0355127221704113,0.0213139088692037,0.0319442311368282,0.0184498040456372,0.0585070368824848,0.088907292588195,0.999992394564124,1,1,1,1
"PWY-6803","phosphatidylcholine acyl editing",90,0.0608564944160451,0.0339257892415041,0.0458075124841388,0.0322325629459996,0.0813084453236756,0.151102947800466,0.999992394564124,1,1,1,1
"LIPASYN-PWY","phospholipases",108,0.0674997221325125,0.0339257892415041,0.0596294923606209,0.0323998355374897,0.0813084453236756,0.151836327154878,0.999992394564124,1,1,1,1
"PWY-3561","choline biosynthesis III",34,0.114797048667156,0.067438933196599,0.108995297623707,0.0830666249748622,0.130911652824183,0.294679671078322,0.999992394564124,1,1,1,1
"PWY-5980","xylogalacturonan biosynthesis",33,0.121142963795297,0.0770606925886397,0.10936345116846,0.088145948331307,0.155636003176524,0.330322490867558,0.999992394564124,1,1,1,1
"PWY-735","jasmonic acid biosynthesis",25,0.127070779912853,0.0780235599746769,0.111668387402108,0.0957282624824414,0.157343333257662,0.33380845477512,0.999992394564124,1,1,1,1
"PWY-5048","rosmarinic acid biosynthesis I",34,0.136521380316937,0.0859534210692083,0.121372450981541,0.0991987221731664,0.15987325844391,0.361969209593813,0.999992394564124,1,1,1,1
"PWY-1042","glycolysis IV",91,0.160107119041592,0.108916391874992,0.17840957309782,0.136326822929695,0.202160084729498,0.438186367116597,0.999992394564124,1,1,1,1
"PWY-7039","phosphatidate metabolism, as a signaling molecule",54,0.167273859377071,0.119763221364839,0.18333926220615,0.14618915337893,0.20310118034398,0.471557725791626,0.999992394564124,1,1,1,1
"PWY-5973","<i>cis</i>-vaccenate biosynthesis",23,0.190209269107556,0.157194506110001,0.225065134314409,0.183171757100575,0.226140473499999,0.574757375717832,0.999992394564124,1,1,1,1
"PWY-7219","adenosine ribonucleotides <i>de novo</i> biosynthesis",21,0.201115910426635,0.157218495596948,0.23388872217954,0.189473690063135,0.228245143301209,0.574817892478434,0.999992394564124,1,1,1,1
"GLUCONEO-PWY","gluconeogenesis I",83,0.232105620724665,0.16936518729922,0.250979836320214,0.201674606495348,0.246824486900558,0.604587272462326,0.999992394564124,1,1,1,1
"PWY-8157","avenanthramide biosynthesis",51,0.257677976986482,0.198977821553871,0.294839970507047,0.25827032472854,0.265723892538222,0.670221222076887,0.999992394564124,1,1,1,1
"FASYN-ELONG-PWY","fatty acid elongation -- saturated",16,0.257989699445929,0.200897214738716,0.300797823677847,0.26228283610328,0.269849396097317,0.674153378833965,0.999992394564124,1,1,1,1
"PWY-5147","oleate biosynthesis I (plants)",41,0.264104726938401,0.211049979363218,0.324834161405603,0.266803028935974,0.27271290360394,0.694333770840487,0.999992394564124,1,1,1,1
"PWY-7204","pyridoxal 5'-phosphate salvage II (plants)",18,0.301667868589326,0.276857438019379,0.398319988550372,0.326298082701476,0.325885626445118,0.802248576819239,0.999992394564124,1,1,1,1
"PWY-5125","anthocyanin biosynthesis",13,0.333846299582961,0.302336098943571,0.445163542833085,0.340617289355065,0.350463693701463,0.834715830408458,0.999992394564124,1,1,1,1
"PWY-5114","UDP-sugars interconversion",20,0.335196742533824,0.314632392600828,0.460264980596642,0.343706831607161,0.360168123957031,0.848776992021934,0.999992394564124,1,1,1,1
"PWY-6596","adenosine nucleotides degradation I",22,0.344286939224755,0.316345873486237,0.56182987656618,0.357408452568858,0.372910478937001,0.850657919355903,0.999992394564124,1,1,1,1
"PWY66-21","ethanol degradation II",14,0.346946451844746,0.317906612414701,0.573848839889,0.35887862050452,0.378978663637101,0.852354846097115,0.999992394564124,1,1,1,1
"PWY-5667","CDP-diacylglycerol biosynthesis I",29,0.360091115276877,0.324958591000513,0.587181885352953,0.359721292702603,0.38035031850182,0.859830968475966,0.999992394564124,1,1,1,1
"PWY-7176","UTP and CTP <i>de novo</i> biosynthesis",13,0.360974218999375,0.334189205145745,0.59615370999665,0.366319849516298,0.384131545245188,0.869155895060564,0.999992394564124,1,1,1,1
"PWY4FS-2","phosphatidylcholine biosynthesis II",15,0.374263469181528,0.336002682404083,0.671513204206225,0.36745299674923,0.386645547763714,0.870928123342141,0.999992394564124,1,1,1,1
"PWY-5129","sphingolipid biosynthesis (plants)",54,0.38412608811385,0.343107124563624,0.846773077910217,0.391477465827997,0.401351485785336,0.877686960669681,0.999992394564124,1,1,1,1
"PWY-6554","1D-<i>myo</i>-inositol hexakisphosphate biosynthesis V (from Ins(1,3,4)P3)",22,0.385377383595894,0.343579820282396,0.852312737524491,0.397165125691542,0.406672161066433,0.878126405994928,0.999992394564124,1,1,1,1
"PWY-5690","TCA cycle II (plants and fungi)",50,0.409929941897955,0.35604408356424,0.962869710011392,0.419788436023703,0.415717648040396,0.889266076382276,0.999992394564124,1,1,1,1
"PWY-6952","glycerophosphodiester degradation",21,0.410395395031782,0.372400770975773,1,0.421736904587703,0.419021135631423,0.844857921479336,0.999992394564124,1,1,1,1
"PWY-4541","lipid-dependent phytate biosynthesis I (via Ins(1,4,5)P<sub>3</sub>)",12,0.418007346028831,0.398583350978448,1,0.435623971783083,0.437866809523799,0.869171673525982,0.999992394564124,1,1,1,1
"PWY-3801","sucrose degradation II (sucrose synthase)",26,0.423588973645608,0.41044610134256,1,0.442902553259408,0.473280817365937,0.879192453955225,0.999992394564124,1,1,1,1
"MANNOSYL-CHITO-DOLICHOL-BIOSYNTHESIS","protein <i>N</i>-glycosylation initial phase (eukaryotic)",27,0.476000167006362,0.44096112251038,1,0.494572906410466,0.502153322370333,0.902328457810854,0.999992394564124,1,1,1,1
"NONOXIPENT-PWY","pentose phosphate pathway (non-oxidative branch) I",13,0.488354218624356,0.451943302673248,1,0.505994433852851,0.514779187657913,0.909780179848125,0.999992394564124,1,1,1,1
"PWY-3781","aerobic respiration I (cytochrome c)",313,0.488611015232561,0.452841927407411,1,0.510131604055585,0.529452151934642,0.91037044418017,0.999992394564124,1,1,1,1
"CYSTSYN-PWY","L-cysteine biosynthesis I",15,0.492760112632843,0.483507685140156,1,0.516982014303413,0.534975012287923,0.928836802211686,0.999992394564124,1,1,1,1
"LIPAS-PWY","triacylglycerol degradation",120,0.500389505500858,0.49076162018413,1,0.522893462164314,0.548562830952503,0.932751204367179,0.999992394564124,1,1,1,1
"PWY-4661","1D-<i>myo</i>-inositol hexakisphosphate biosynthesis III (<i>Spirodela polyrrhiza</i>)",21,0.516406365839412,0.533444144086335,1,0.529287086438185,0.569809240385273,0.945308189372682,0.999992394564124,1,1,1,1
"PWY-5080","very long chain fatty acid biosynthesis I",59,0.534013426328354,0.537834111038444,1,0.532676210427696,0.588751344935812,0.952305142113827,0.999992394564124,1,1,1,1
"PWYQT-4466","superpathway of sucrose and starch metabolism I (non-photosynthetic tissue)",23,0.546337841846563,0.54800332255121,1,0.53653058597671,0.590532927510072,0.953859285517812,0.999992394564124,1,1,1,1
"PWY-3385","choline biosynthesis I",16,0.55411700296662,0.56108677935285,1,0.556428710455849,0.630710864850728,0.960473928999863,0.999992394564124,1,1,1,1
"PWY-6124","inosine-5'-phosphate biosynthesis II",10,0.589306524494104,0.566918594300887,1,0.562597729747621,0.638960054457312,0.96339637214161,0.999992394564124,1,1,1,1
"PWY-2681","<i>trans</i>-zeatin biosynthesis",23,0.59627348788027,0.569620932150105,1,0.571560406684728,0.639155684009284,0.965691276303739,0.999992394564124,1,1,1,1
"PHOSLIPSYN2-PWY","superpathway of phospholipid biosynthesis II (plants)",12,0.609680397552885,0.585559708706134,1,0.597450811944496,0.669135384471037,0.970498243025429,0.999992394564124,1,1,1,1
"PWY-7193","pyrimidine ribonucleosides salvage I",12,0.609919876727304,0.597900941974296,1,0.614833497203257,0.671541994300572,0.973858396525526,0.999992394564124,1,1,1,1
"PWY-5035","gibberellin biosynthesis III (early C-13 hydroxylation)",10,0.615254971031493,0.606211801404869,1,0.619152919997746,0.673219467348054,0.975953560159553,0.999992394564124,1,1,1,1
"PWY-4321","L-glutamate degradation IV",22,0.626370452138148,0.616443717737704,1,0.626326715542971,0.678107112777226,0.978357052708955,0.999992394564124,1,1,1,1
"PWY-4041","&gamma;-glutamyl cycle",8,0.62703981633647,0.619641513012358,1,0.636825817153912,0.690884080314428,0.979069844994419,0.999992394564124,1,1,1,1
"PWY-6275","&beta;-caryophyllene biosynthesis",9,0.628044866844041,0.630102797646974,1,0.639660294040636,0.6913438894624,0.980859105646483,0.999992394564124,1,1,1,1
"PWY-6546","brassinosteroids inactivation",19,0.628346118621708,0.632396528987485,1,0.640680508617312,0.695120627867206,0.98092104028851,0.999992394564124,1,1,1,1
"PWY-695","abscisic acid biosynthesis",19,0.63132093929935,0.642232853645167,1,0.645865850627933,0.699169164028785,0.981524598316548,0.999992394564124,1,1,1,1
"PWY-5138","fatty acid &beta;-oxidation IV (unsaturated, even number)",20,0.639135175422187,0.642671862955562,1,0.653399017705513,0.703094718485306,0.983041860462211,0.999992394564124,1,1,1,1
"PWY-8346","GABA shunt II",19,0.642825946652766,0.644194975329614,1,0.656407420555804,0.713453005319858,0.983725052008422,0.999992394564124,1,1,1,1
"PWY-6348","phosphate acquisition",29,0.661371323908555,0.67766814970437,1,0.695433510624563,0.727594444120301,0.986850933228163,0.999992394564124,1,1,1,1
"PWY-6527","stachyose degradation",18,0.666266547821207,0.685566036705159,1,0.700776420395377,0.739407885123473,0.987594937306165,0.999992394564124,1,1,1,1
"PWY-361","phenylpropanoid biosynthesis",47,0.674535045832278,0.685566036705159,1,0.700776420395377,0.742427717203272,0.988779378219547,0.999992394564124,1,1,1,1
"TRIGLSYN-PWY","diacylglycerol and triacylglycerol biosynthesis",56,0.678028126245349,0.690100350642464,1,0.705268194543135,0.7517688661908,0.989253383771101,0.999992394564124,1,1,1,1
"PWY-6352","3-phosphoinositide biosynthesis",66,0.691883828707546,0.702384890174637,1,0.717587034914475,0.770368876368172,0.990987236597156,0.999992394564124,1,1,1,1
"PWY-7221","guanosine ribonucleotides <i>de novo</i> biosynthesis",7,0.69980143346687,0.71901243950906,1,0.730585570647135,0.774309802978816,0.991878533513545,0.999992394564124,1,1,1,1
"VALSYN-PWY","L-valine biosynthesis",9,0.723952139758585,0.732771129327149,1,0.761602714898484,0.802700268509308,0.994193191011813,0.999992394564124,1,1,1,1
"THIOREDOX-PWY","thioredoxin pathway",21,0.730387360537381,0.745048160126838,1,0.776475609028478,0.804788022476131,0.994716022101503,0.999992394564124,1,1,1,1
"PWY-3821","D-galactose detoxification",9,0.731520850076508,0.764214576418203,1,0.798937769394859,0.806456824207842,0.994804321662374,0.999992394564124,1,1,1,1
"PWY-7634","vernolate biosynthesis II",8,0.732766117921658,0.766646937328615,1,0.804637988769615,0.810295241318146,0.994900048069522,0.999992394564124,1,1,1,1
"PWY-5340","sulfate activation for sulfonation",10,0.738246404062701,0.784949976471524,1,0.817659006005939,0.821791056653193,0.995305702313551,0.999992394564124,1,1,1,1
"LEU-DEG2-PWY","L-leucine degradation I",14,0.749946527909516,0.790318287075673,1,0.824805409130938,0.838739895813332,0.996090406921968,0.999992394564124,1,1,1,1
"PWY-5669","phosphatidylserine and phosphatidylethanolamine biosynthesis I",13,0.754280051346511,0.791027648530561,1,0.828274829121587,0.842839236800582,0.996354461714328,0.999992394564124,1,1,1,1
"CITRULBIO-PWY","L-citrulline biosynthesis",71,0.756889446623636,0.791510356353472,1,0.831192100651338,0.845276799945611,0.996506865987024,0.999992394564124,1,1,1,1
"PWY-7343","UDP-&alpha;-D-glucose biosynthesis",16,0.757335292802534,0.802856806889924,1,0.8378994318214,0.848773507135469,0.996532420146412,0.999992394564124,1,1,1,1
"PWY-5136","fatty acid &beta;-oxidation II (plant peroxisome)",25,0.757457297268689,0.802923581351676,1,0.842293735743679,0.849167147858202,0.996539388465586,0.999992394564124,1,1,1,1
"PWY-2261","ascorbate glutathione cycle",30,0.758109314142201,0.804513091088151,1,0.844369504774862,0.86048230177725,0.996576450719847,0.999992394564124,1,1,1,1
"PWY-2161","folate polyglutamylation",12,0.765435344594835,0.817015121688603,1,0.853288080650358,0.876523477778905,0.996972736044376,0.999992394564124,1,1,1,1
"PWY-5337","stachyose biosynthesis",10,0.769068923242052,0.82502120349902,1,0.854095987199758,0.88413614057707,0.997156000457704,0.999992394564124,1,1,1,1
"PWY-6717","(1,4)-&beta;-D-xylan degradation",23,0.784038453826381,0.830682459375454,1,0.857639338758796,0.889028583061933,0.997824767353998,0.999992394564124,1,1,1,1
"PWY-5486","pyruvate fermentation to ethanol II",14,0.79245356017253,0.834533626618661,1,0.858962301155894,0.889886344407855,0.998144499173107,0.999992394564124,1,1,1,1
"PWY-6367","D-<i>myo</i>-inositol-5-phosphate metabolism",7,0.79358819131586,0.838679015217974,1,0.861975582780797,0.891984599845591,0.998184742844041,0.999992394564124,1,1,1,1
"ALANINE-SYN2-PWY","L-alanine biosynthesis II",9,0.805170489238301,0.839388626666664,1,0.862441196737053,0.906010674319561,0.998559149372888,0.999992394564124,1,1,1,1
"UDPNACETYLGALSYN-PWY","UDP-<i>N</i>-acetyl-D-glucosamine biosynthesis II",22,0.80886997082641,0.85197487832364,1,0.875511715833187,0.913956103040308,0.998665508830455,0.999992394564124,1,1,1,1
"DTDPRHAMSYN-PWY","dTDP-&beta;-L-rhamnose biosynthesis",8,0.814838054450734,0.857472887806526,1,0.880705141066574,0.916958596733162,0.99882454247232,0.999992394564124,1,1,1,1
"PWY-101","photosynthesis light reactions",23,0.817991508579193,0.857949455306537,1,0.894031773869488,0.917498299557317,0.998902595845238,0.999992394564124,1,1,1,1
"PWY-2981","diterpene phytoalexins precursors biosynthesis",9,0.818212313564249,0.862014989159593,1,0.895125653038772,0.920912472275275,0.99890791145921,0.999992394564124,1,1,1,1
"PWY-6039","chlorogenic acid biosynthesis I",29,0.820734587491752,0.862774399113807,1,0.907517881250662,0.921437002885772,0.998967271840231,0.999992394564124,1,1,1,1
"GLUTAMINDEG-PWY","L-glutamine degradation I",54,0.823168381727434,0.867259714129795,1,0.907605414131728,0.921631650296832,0.99902222329651,0.999992394564124,1,1,1,1
"PWY66-385","dTMP <i>de novo</i> biosynthesis (mitochondrial)",12,0.825197194152972,0.86813811764592,1,0.908628481140103,0.924886647629357,0.999066329584804,0.999992394564124,1,1,1,1
"PWY-6606","guanosine nucleotides degradation II",16,0.827891202001646,0.882862026018985,1,0.916299951332301,0.92880141789993,0.99912257039017,0.999992394564124,1,1,1,1
"PWY-6922","L-<i>N<sup>&delta;</sup></i>-acetylornithine biosynthesis",9,0.84608875065929,0.883726983753576,1,0.920503555877861,0.933136014907306,0.999438846786962,0.999992394564124,1,1,1,1
"PWY4FS-6","phosphatidylethanolamine biosynthesis II",12,0.857056873938405,0.885515660997104,1,0.927512322541382,0.933267818640206,0.999582503246909,0.999992394564124,1,1,1,1
"PWY-5934","iron reduction and absorption",6,0.860039397183658,0.901113017564079,1,0.953575296631619,0.957045107866572,0.999616272240991,0.999992394564124,1,1,1,1
"PWY-5083","NAD(P)/NADPH interconversion",54,0.864707349446813,0.903715139007585,1,0.958774998135171,0.964131981333975,0.99966495987583,0.999992394564124,1,1,1,1
"PWY-7560","methylerythritol phosphate pathway II",17,0.868506771231566,0.918510273743334,1,0.959362833959408,0.964454620028139,0.999701039674431,0.999992394564124,1,1,1,1
"PWY0-166","superpathway of pyrimidine deoxyribonucleotides <i>de novo</i> biosynthesis (<i>E. coli</i>)",21,0.871889541533859,0.923049577408269,1,0.961267953336608,0.973971617634562,0.999730636751123,0.999992394564124,1,1,1,1
"ALACAT2-PWY","L-alanine degradation II (to D-lactate)",11,0.882129543922577,0.925997045413685,1,0.963044777938402,0.981238923564206,0.999806972202262,0.999992394564124,1,1,1,1
"PWY-7101","5-deoxystrigol biosynthesis",7,0.886144382180613,0.93338805058341,1,0.965323015838987,0.9814500522486,0.999831957994081,0.999992394564124,1,1,1,1
"PWY0-1264","biotin-carboxyl carrier protein assembly",6,0.887756176166641,0.945240938909996,1,0.967809127679586,0.98687597219251,0.999841273363331,0.999992394564124,1,1,1,1
"PWY-7253","apigeninidin 5-<i>O</i>-glucoside biosynthesis",24,0.894705542048851,0.94744141439685,1,0.969433709565731,0.991374187497748,0.999877080141159,0.999992394564124,1,1,1,1
"PWY-5027","phylloquinol biosynthesis",7,0.896204767701861,0.952336624691508,1,0.971482351551099,0.9923227011155,0.999883932769758,0.999992394564124,1,1,1,1
"PWY-82","UDP-&beta;-L-arabinose biosynthesis II (from &beta;-L-arabinose)",6,0.90231130402731,0.953871322182394,1,0.972799160421981,0.995510084314394,0.999908929598904,0.999992394564124,1,1,1,1
"PWY-6964","ammonia assimilation cycle II",14,0.903703338347959,0.954037091081246,1,0.986928053699007,0.996933826809715,0.999914010598495,0.999992394564124,1,1,1,1
"PWY-6607","guanosine nucleotides degradation I",8,0.91064657314302,0.960696320879014,1,0.987591987696718,0.997430167923801,0.999936255186858,0.999992394564124,1,1,1,1
"PWY-7184","pyrimidine deoxyribonucleotides <i>de novo</i> biosynthesis I",25,0.911728808498327,0.960882771436416,1,0.994548183117642,0.999433599149584,0.999939287802127,0.999992394564124,1,1,1,1
"PWY-6164","3-dehydroquinate biosynthesis I",10,0.918081653329149,0.962895196188098,1,0.99600976774965,0.99944693700643,0.999954967639325,0.999992394564124,1,1,1,1
"PWY-1422","vitamin E biosynthesis (tocopherols)",10,0.925381456241608,0.967170689245085,1,0.997294888226907,0.999623167090266,0.999968998188114,0.999992394564124,1,1,1,1
"PWY-7980","ATP biosynthesis",29,0.933181919173266,0.96872317565907,1,0.999315477340667,0.999623167090266,0.999980066847468,0.999992394564124,1,1,1,1
"PWY-7187","pyrimidine deoxyribonucleotides <i>de novo</i> biosynthesis II",11,0.936550805325874,0.97583887553644,1,0.999315477340667,0.999997987727358,0.999983792931906,0.999992394564124,1,1,1,1
"PWY-5139","pelargonidin conjugates biosynthesis",3,0.94748528326277,0.977764389707158,1,0.999990001286381,0.999998357225234,0.999992394564124,0.999992394564124,1,1,1,1
"PWY-7197","pyrimidine deoxyribonucleotide phosphorylation",12,0.960523256203901,0.984866604985637,1,NA,NA,0.998441586699257,0.999992394564124,1,1,1,1
"PWY-5046","2-oxoisovalerate decarboxylation to isobutanoyl-CoA",12,0.963656651642232,0.9854239015578,1,NA,NA,0.998679161030146,0.999992394564124,1,1,1,1
"PWY-3462","L-phenylalanine biosynthesis II",10,0.976272864374647,0.9949936448026,1,NA,NA,0.999437023035016,0.999992394564124,1,1,1,1
"PWY-5084","2-oxoglutarate decarboxylation to succinyl-CoA",10,0.976534023850108,0.999604620626149,1,NA,NA,0.999449347963333,0.999992394564124,1,1,1,1
