"","pathway_id","pathway_name","n_genes","gene_names","ordmeta_p","optimal_rank","eff_p_idx","MMP","overall_eff_direction"
"5","CITRULBIO-PWY","L-citrulline biosynthesis",74,"Zm00001eb272970;Zm00001eb013430;Zm00001eb029510;Zm00001eb036060;Zm00001eb036070;Zm00001eb103520;Zm00001eb103530;Zm00001eb163240;Zm00001eb349970;Zm00001eb349980;Zm00001eb380080;Zm00001eb396990;Zm00001eb011670;Zm00001eb055320;Zm00001eb063220;Zm00001eb066090;Zm00001eb080510;Zm00001eb211420;Zm00001eb232460;Zm00001eb160030;Zm00001eb188530;Zm00001eb252240;Zm00001eb356970;Zm00001eb218450;Zm00001eb021930;Zm00001eb063460;Zm00001eb156610;Zm00001eb179950;Zm00001eb279170;Zm00001eb295210;Zm00001eb295220;Zm00001eb329810;Zm00001eb329820;Zm00001eb360480;Zm00001eb068770;Zm00001eb087630;Zm00001eb197630;Zm00001eb197940;Zm00001eb321360;Zm00001eb011150;Zm00001eb081410;Zm00001eb137100;Zm00001eb158100;Zm00001eb162140;Zm00001eb296480;Zm00001eb344260;Zm00001eb358270;Zm00001eb359410;Zm00001eb434370;Zm00001eb118250;Zm00001eb182150;Zm00001eb208970;Zm00001eb298350;Zm00001eb329710;Zm00001eb022980;Zm00001eb391720;Zm00001eb289500;Zm00001eb347680;Zm00001eb367740;Zm00001eb001310;Zm00001eb001330;Zm00001eb126200;Zm00001eb188330;Zm00001eb216710;Zm00001eb252020;Zm00001eb255250;Zm00001eb257230;Zm00001eb403320;Zm00001eb419090;Zm00001eb050460;Zm00001eb418690",0.0001999800019998,74,"11;16;73;51;46;24;10;59;62;25;43;9;17;12;72;39;44;32;33;23;1;41;3;21;13;42;48;26;66;36;54;69;35;70;68;52;55;2;56;20;49;15;67;47;74;63;34;58;61;71;27;64;40;45;57;60;50;8;22;38;53;28;4;5;19;30;31;6;7;14;37;29;65;18",1.05694138287813e-10,"+"
"10","GLUCONEO-PWY","gluconeogenesis I",85,"Zm00001eb059230;Zm00001eb101090;Zm00001eb315420;Zm00001eb041400;Zm00001eb045790;Zm00001eb059070;Zm00001eb074700;Zm00001eb158270;Zm00001eb179730;Zm00001eb296550;Zm00001eb304640;Zm00001eb328310;Zm00001eb373750;Zm00001eb220780;Zm00001eb321980;Zm00001eb103580;Zm00001eb124410;Zm00001eb319770;Zm00001eb335870;Zm00001eb367890;Zm00001eb000560;Zm00001eb038930;Zm00001eb059410;Zm00001eb089330;Zm00001eb137080;Zm00001eb143650;Zm00001eb154490;Zm00001eb169830;Zm00001eb283570;Zm00001eb349990;Zm00001eb371140;Zm00001eb401670;Zm00001eb333390;Zm00001eb333420;Zm00001eb398370;Zm00001eb429910;Zm00001eb011890;Zm00001eb026940;Zm00001eb098760;Zm00001eb134980;Zm00001eb185280;Zm00001eb270050;Zm00001eb311450;Zm00001eb357150;Zm00001eb377870;Zm00001eb397960;Zm00001eb421480;Zm00001eb015770;Zm00001eb123700;Zm00001eb137710;Zm00001eb149730;Zm00001eb254380;Zm00001eb281930;Zm00001eb368990;Zm00001eb410550;Zm00001eb047240;Zm00001eb150720;Zm00001eb233070;Zm00001eb291670;Zm00001eb352550;Zm00001eb173410;Zm00001eb184000;Zm00001eb207270;Zm00001eb233140;Zm00001eb246370;Zm00001eb261430;Zm00001eb343400;Zm00001eb424120;Zm00001eb424160;Zm00001eb010390;Zm00001eb085480;Zm00001eb144240;Zm00001eb171950;Zm00001eb188850;Zm00001eb200910;Zm00001eb334740;Zm00001eb365200;Zm00001eb386660;Zm00001eb408010;Zm00001eb011940;Zm00001eb146750;Zm00001eb348530;Zm00001eb389720",0.0001999800019998,85,"43;41;67;33;62;71;28;18;2;40;12;70;10;38;64;3;26;20;42;83;34;24;36;78;15;17;11;14;16;85;6;37;44;27;75;72;46;4;23;53;39;61;21;7;68;54;77;57;13;30;59;45;52;22;35;48;66;84;82;9;19;60;56;47;79;50;73;49;74;63;1;69;8;76;29;81;55;80;58;31;65;32;5;51;25",1.11293043612025e-11,"+"
"12","GLUTAMINDEG-PWY","L-glutamine degradation I",54,"Zm00001eb272970;Zm00001eb013430;Zm00001eb029510;Zm00001eb036060;Zm00001eb036070;Zm00001eb103520;Zm00001eb103530;Zm00001eb163240;Zm00001eb349970;Zm00001eb349980;Zm00001eb380080;Zm00001eb396990;Zm00001eb011670;Zm00001eb055320;Zm00001eb063220;Zm00001eb066090;Zm00001eb080510;Zm00001eb211420;Zm00001eb232460;Zm00001eb160030;Zm00001eb188530;Zm00001eb252240;Zm00001eb356970;Zm00001eb218450;Zm00001eb021930;Zm00001eb063460;Zm00001eb156610;Zm00001eb179950;Zm00001eb279170;Zm00001eb295210;Zm00001eb295220;Zm00001eb329810;Zm00001eb329820;Zm00001eb360480;Zm00001eb068770;Zm00001eb087630;Zm00001eb197630;Zm00001eb197940;Zm00001eb321360;Zm00001eb011150;Zm00001eb081410;Zm00001eb137100;Zm00001eb158100;Zm00001eb162140;Zm00001eb296480;Zm00001eb344260;Zm00001eb358270;Zm00001eb359410;Zm00001eb434370;Zm00001eb118250;Zm00001eb182150;Zm00001eb208970;Zm00001eb298350;Zm00001eb329710",0.0001999800019998,54,"11;16;51;46;24;10;25;43;9;17;12;39;44;32;33;23;1;41;3;21;13;42;48;26;36;54;35;52;2;20;49;15;47;34;27;40;45;50;8;22;38;53;28;4;5;19;30;31;6;7;14;37;29;18",5.25113714722812e-08,"+"
"17","HOMOSERSYN-PWY","L-homoserine biosynthesis",17,"Zm00001eb097580;Zm00001eb177530;Zm00001eb220040;Zm00001eb309070;Zm00001eb405410;Zm00001eb214360;Zm00001eb064530;Zm00001eb094670;Zm00001eb145010;Zm00001eb280160;Zm00001eb299320;Zm00001eb415810;Zm00001eb420300",0.0001999800019998,2,"3;12",4.67549183090091e-09,"+"
"20","LIPAS-PWY","triacylglycerol degradation",138,"Zm00001eb017530;Zm00001eb027810;Zm00001eb055430;Zm00001eb089370;Zm00001eb108970;Zm00001eb120470;Zm00001eb131690;Zm00001eb155120;Zm00001eb216000;Zm00001eb266650;Zm00001eb266660;Zm00001eb284820;Zm00001eb311940;Zm00001eb317940;Zm00001eb327310;Zm00001eb355690;Zm00001eb410060;Zm00001eb339890;Zm00001eb321420;Zm00001eb280760;Zm00001eb257000;Zm00001eb211220;Zm00001eb144480;Zm00001eb137110;Zm00001eb005850;Zm00001eb005860;Zm00001eb016740;Zm00001eb023740;Zm00001eb031750;Zm00001eb038610;Zm00001eb046570;Zm00001eb047450;Zm00001eb049040;Zm00001eb062080;Zm00001eb065120;Zm00001eb076350;Zm00001eb077880;Zm00001eb087040;Zm00001eb113740;Zm00001eb121780;Zm00001eb127240;Zm00001eb153170;Zm00001eb154280;Zm00001eb158360;Zm00001eb164130;Zm00001eb169300;Zm00001eb172940;Zm00001eb184830;Zm00001eb186990;Zm00001eb187000;Zm00001eb190200;Zm00001eb191480;Zm00001eb195900;Zm00001eb202960;Zm00001eb202990;Zm00001eb210390;Zm00001eb221940;Zm00001eb224090;Zm00001eb228340;Zm00001eb228350;Zm00001eb228360;Zm00001eb228370;Zm00001eb229240;Zm00001eb233360;Zm00001eb234840;Zm00001eb234850;Zm00001eb236070;Zm00001eb237060;Zm00001eb245900;Zm00001eb249230;Zm00001eb252190;Zm00001eb252760;Zm00001eb254100;Zm00001eb258840;Zm00001eb260620;Zm00001eb260690;Zm00001eb266000;Zm00001eb268440;Zm00001eb270630;Zm00001eb271290;Zm00001eb275510;Zm00001eb275540;Zm00001eb276160;Zm00001eb278860;Zm00001eb280670;Zm00001eb287020;Zm00001eb287830;Zm00001eb288310;Zm00001eb289980;Zm00001eb293090;Zm00001eb299930;Zm00001eb301760;Zm00001eb305700;Zm00001eb307440;Zm00001eb309040;Zm00001eb311830;Zm00001eb327810;Zm00001eb330130;Zm00001eb330150;Zm00001eb331070;Zm00001eb331900;Zm00001eb337100;Zm00001eb350800;Zm00001eb351770;Zm00001eb353970;Zm00001eb357600;Zm00001eb361000;Zm00001eb365620;Zm00001eb368570;Zm00001eb370460;Zm00001eb372310;Zm00001eb379820;Zm00001eb384290;Zm00001eb395980;Zm00001eb411300;Zm00001eb425400;Zm00001eb426230;Zm00001eb428520;Zm00001eb429230;Zm00001eb429240",0.0001999800019998,138,"81;72;33;124;125;117;41;86;49;21;130;42;78;63;4;73;114;28;137;85;87;58;40;61;121;50;69;34;105;52;94;119;62;92;1;29;138;6;39;77;71;89;7;38;75;67;98;64;65;44;102;116;97;60;3;93;68;17;126;70;90;100;54;55;74;104;45;43;5;99;32;79;95;103;107;30;46;36;25;134;16;18;127;53;110;12;31;80;109;8;26;135;123;9;106;113;88;24;133;2;19;128;96;83;115;91;82;59;122;14;108;57;76;47;118;66;51;10;11;22;23;131;132;35;20;129;37;13;84;15;101;56;120;27;136;48;112;111",2.79507301068462e-18,"+"
"21","LIPASYN-PWY","phospholipases",112,"Zm00001eb047640;Zm00001eb063230;Zm00001eb064750;Zm00001eb084280;Zm00001eb127030;Zm00001eb140620;Zm00001eb211410;Zm00001eb350010;Zm00001eb016740;Zm00001eb017530;Zm00001eb023740;Zm00001eb031750;Zm00001eb070790;Zm00001eb106120;Zm00001eb121780;Zm00001eb141920;Zm00001eb146430;Zm00001eb155120;Zm00001eb158350;Zm00001eb158360;Zm00001eb165770;Zm00001eb169300;Zm00001eb172940;Zm00001eb174090;Zm00001eb186220;Zm00001eb196570;Zm00001eb221940;Zm00001eb249230;Zm00001eb260480;Zm00001eb266650;Zm00001eb266660;Zm00001eb271290;Zm00001eb287830;Zm00001eb289220;Zm00001eb296540;Zm00001eb305700;Zm00001eb313890;Zm00001eb318230;Zm00001eb322860;Zm00001eb330150;Zm00001eb350800;Zm00001eb355690;Zm00001eb359360;Zm00001eb365620;Zm00001eb408870;Zm00001eb011000;Zm00001eb011380;Zm00001eb019170;Zm00001eb025570;Zm00001eb031610;Zm00001eb038250;Zm00001eb038270;Zm00001eb038280;Zm00001eb038290;Zm00001eb050700;Zm00001eb050710;Zm00001eb054510;Zm00001eb059800;Zm00001eb096390;Zm00001eb096400;Zm00001eb096490;Zm00001eb100970;Zm00001eb115060;Zm00001eb115140;Zm00001eb115150;Zm00001eb120460;Zm00001eb124520;Zm00001eb135980;Zm00001eb140460;Zm00001eb166850;Zm00001eb190580;Zm00001eb197570;Zm00001eb200100;Zm00001eb224740;Zm00001eb259550;Zm00001eb299880;Zm00001eb001370;Zm00001eb019050;Zm00001eb021510;Zm00001eb039780;Zm00001eb097160;Zm00001eb099650;Zm00001eb103990;Zm00001eb104020;Zm00001eb122860;Zm00001eb180150;Zm00001eb180160;Zm00001eb184950;Zm00001eb230280;Zm00001eb230290;Zm00001eb236140;Zm00001eb275030;Zm00001eb283150;Zm00001eb285800;Zm00001eb304640;Zm00001eb331700;Zm00001eb334470;Zm00001eb336760;Zm00001eb337170;Zm00001eb339870;Zm00001eb360410;Zm00001eb386300;Zm00001eb408170;Zm00001eb013380;Zm00001eb111990;Zm00001eb174140;Zm00001eb229100;Zm00001eb394390",0.0001999800019998,112,"101;84;47;73;105;64;11;65;79;50;35;60;20;74;16;19;98;106;32;8;100;69;77;104;12;85;75;23;82;63;99;21;71;57;45;92;112;27;33;66;89;10;61;76;46;58;3;28;1;36;51;96;34;78;48;90;67;43;2;97;40;87;15;107;9;93;94;25;72;42;38;18;49;44;59;88;13;109;111;62;103;91;81;17;70;53;54;4;24;102;5;86;26;37;80;7;110;41;29;95;14;83;108;22;6;30;31;68;55;56;52;39",5.44897952278072e-15,"+"
"32","PWY-1042","glycolysis IV",91,"Zm00001eb179810;Zm00001eb024280;Zm00001eb052130;Zm00001eb060760;Zm00001eb066190;Zm00001eb128890;Zm00001eb157810;Zm00001eb168480;Zm00001eb196650;Zm00001eb301440;Zm00001eb390590;Zm00001eb406450;Zm00001eb433750;Zm00001eb011890;Zm00001eb026940;Zm00001eb098760;Zm00001eb134980;Zm00001eb185280;Zm00001eb270050;Zm00001eb311450;Zm00001eb357150;Zm00001eb377870;Zm00001eb397960;Zm00001eb421480;Zm00001eb015770;Zm00001eb123700;Zm00001eb137710;Zm00001eb149730;Zm00001eb254380;Zm00001eb281930;Zm00001eb368990;Zm00001eb410550;Zm00001eb047240;Zm00001eb150720;Zm00001eb233070;Zm00001eb291670;Zm00001eb352550;Zm00001eb173410;Zm00001eb184000;Zm00001eb207270;Zm00001eb233140;Zm00001eb246370;Zm00001eb261430;Zm00001eb343400;Zm00001eb424120;Zm00001eb424160;Zm00001eb103580;Zm00001eb124410;Zm00001eb319770;Zm00001eb335870;Zm00001eb367890;Zm00001eb010390;Zm00001eb085480;Zm00001eb144240;Zm00001eb171950;Zm00001eb188850;Zm00001eb200910;Zm00001eb334740;Zm00001eb365200;Zm00001eb386660;Zm00001eb408010;Zm00001eb043000;Zm00001eb109160;Zm00001eb153820;Zm00001eb188910;Zm00001eb252630;Zm00001eb273400;Zm00001eb280120;Zm00001eb281610;Zm00001eb309240;Zm00001eb354160;Zm00001eb358830;Zm00001eb371740;Zm00001eb381920;Zm00001eb004990;Zm00001eb041270;Zm00001eb048390;Zm00001eb099530;Zm00001eb121310;Zm00001eb126820;Zm00001eb153830;Zm00001eb174380;Zm00001eb270890;Zm00001eb284270;Zm00001eb293530;Zm00001eb334210;Zm00001eb337520;Zm00001eb350090;Zm00001eb353260;Zm00001eb376780;Zm00001eb424620",0.0001999800019998,91,"18;16;42;37;46;47;15;64;45;1;72;39;6;13;49;17;83;67;90;58;63;19;55;52;65;21;7;76;5;28;77;14;36;2;8;50;43;29;57;32;78;73;87;11;34;12;91;74;20;27;82;51;75;89;9;69;70;10;68;71;23;41;62;66;4;80;79;48;35;31;81;22;84;59;25;53;85;24;54;38;44;56;3;86;61;30;60;33;40;26;88",2.99507029802331e-12,"+"
"36","PWY-2161","folate polyglutamylation",17,"Zm00001eb044170;Zm00001eb299330;Zm00001eb358850;Zm00001eb404110;Zm00001eb421680;Zm00001eb030210;Zm00001eb056550;Zm00001eb146170;Zm00001eb170020;Zm00001eb345190;Zm00001eb366470;Zm00001eb314490",0.0001999800019998,14,"5;10;2;7;14;17;11;16;12;3;8;13;4;9",4.35756349229708e-07,"+"
"39","PWY-2582","brassinolide biosynthesis II",17,"Zm00001eb002360;Zm00001eb120890;Zm00001eb284090;Zm00001eb424320;Zm00001eb052660;Zm00001eb093140;Zm00001eb196530;Zm00001eb009730;Zm00001eb080110",0.0001999800019998,11,"11;3;6;8;10;12;4;2;5;7;9",2.31894567527985e-07,"+"
"40","PWY-2681","<i>trans</i>-zeatin biosynthesis",49,"Zm00001eb062030;Zm00001eb095250;Zm00001eb131660;Zm00001eb156350;Zm00001eb212350;Zm00001eb294970;Zm00001eb360550;Zm00001eb016630;Zm00001eb045690;Zm00001eb053840;Zm00001eb077200;Zm00001eb155240;Zm00001eb160700;Zm00001eb221650;Zm00001eb294370;Zm00001eb297400;Zm00001eb321030;Zm00001eb357450;Zm00001eb426710;Zm00001eb099270;Zm00001eb179460;Zm00001eb312250;Zm00001eb395930",0.0001999800019998,49,"40;44;48;7;10;13;16;28;3;14;26;24;36;41;45;49;21;33;4;8;11;5;15;27;2;39;43;47;38;42;46;1;20;32;6;9;12;22;34;23;35;19;31;17;29;25;37;18;30",6.78205643201762e-08,"+"
"49","PWY-361","phenylpropanoid biosynthesis",53,"Zm00001eb282670;Zm00001eb001420;Zm00001eb048540;Zm00001eb094980;Zm00001eb124660;Zm00001eb150550;Zm00001eb291460;Zm00001eb147650;Zm00001eb260630;Zm00001eb313190;Zm00001eb347850;Zm00001eb367240;Zm00001eb038890;Zm00001eb078220;Zm00001eb098190;Zm00001eb124150;Zm00001eb124170;Zm00001eb124190;Zm00001eb125070;Zm00001eb134960;Zm00001eb186310;Zm00001eb246860;Zm00001eb268400;Zm00001eb180060;Zm00001eb043700;Zm00001eb220390;Zm00001eb101680;Zm00001eb199470;Zm00001eb199490;Zm00001eb263020;Zm00001eb271480;Zm00001eb416160;Zm00001eb316930;Zm00001eb316940;Zm00001eb388010;Zm00001eb316910;Zm00001eb316920;Zm00001eb374630;Zm00001eb385010;Zm00001eb002380;Zm00001eb004210;Zm00001eb040790;Zm00001eb178360;Zm00001eb187910;Zm00001eb233720;Zm00001eb298620;Zm00001eb389420",0.0001999800019998,53,"7;30;42;4;27;34;35;37;23;44;48;11;51;39;3;26;38;53;32;2;25;15;36;20;6;29;43;8;16;47;1;31;5;28;46;19;22;21;33;18;40;10;45;41;50;52;49;9;24;12;13;17;14",1.18180800113109e-07,"+"
"50","PWY-3781","aerobic respiration I (cytochrome c)",313,"Zm00001eb002930;Zm00001eb003330;Zm00001eb003340;Zm00001eb005350;Zm00001eb006340;Zm00001eb010330;Zm00001eb010650;Zm00001eb012150;Zm00001eb012970;Zm00001eb015140;Zm00001eb017160;Zm00001eb019320;Zm00001eb020380;Zm00001eb022250;Zm00001eb024070;Zm00001eb025240;Zm00001eb026270;Zm00001eb030480;Zm00001eb032320;Zm00001eb035240;Zm00001eb035760;Zm00001eb037450;Zm00001eb041380;Zm00001eb051000;Zm00001eb051590;Zm00001eb052140;Zm00001eb052880;Zm00001eb054890;Zm00001eb056880;Zm00001eb059190;Zm00001eb061240;Zm00001eb064660;Zm00001eb064700;Zm00001eb065320;Zm00001eb066310;Zm00001eb068230;Zm00001eb071750;Zm00001eb072800;Zm00001eb076040;Zm00001eb076830;Zm00001eb077530;Zm00001eb077560;Zm00001eb077800;Zm00001eb077810;Zm00001eb083670;Zm00001eb083880;Zm00001eb084830;Zm00001eb089000;Zm00001eb091520;Zm00001eb094630;Zm00001eb096090;Zm00001eb097140;Zm00001eb102980;Zm00001eb110010;Zm00001eb110890;Zm00001eb114380;Zm00001eb114390;Zm00001eb114710;Zm00001eb116480;Zm00001eb117060;Zm00001eb120840;Zm00001eb123290;Zm00001eb124470;Zm00001eb129580;Zm00001eb134810;Zm00001eb135310;Zm00001eb135860;Zm00001eb138240;Zm00001eb140440;Zm00001eb140740;Zm00001eb143560;Zm00001eb145540;Zm00001eb149620;Zm00001eb149700;Zm00001eb149920;Zm00001eb152880;Zm00001eb153890;Zm00001eb154870;Zm00001eb159630;Zm00001eb160750;Zm00001eb160780;Zm00001eb160990;Zm00001eb161900;Zm00001eb162670;Zm00001eb162760;Zm00001eb165250;Zm00001eb169040;Zm00001eb169670;Zm00001eb169740;Zm00001eb170200;Zm00001eb177750;Zm00001eb183560;Zm00001eb187950;Zm00001eb188450;Zm00001eb190450;Zm00001eb193500;Zm00001eb195620;Zm00001eb195840;Zm00001eb199070;Zm00001eb202110;Zm00001eb207310;Zm00001eb210420;Zm00001eb210970;Zm00001eb211680;Zm00001eb213020;Zm00001eb213580;Zm00001eb216830;Zm00001eb220980;Zm00001eb221840;Zm00001eb223430;Zm00001eb225250;Zm00001eb226290;Zm00001eb226830;Zm00001eb226970;Zm00001eb227360;Zm00001eb227540;Zm00001eb231080;Zm00001eb232880;Zm00001eb240180;Zm00001eb240930;Zm00001eb242680;Zm00001eb243540;Zm00001eb243740;Zm00001eb243850;Zm00001eb247440;Zm00001eb249870;Zm00001eb250660;Zm00001eb251420;Zm00001eb253220;Zm00001eb253570;Zm00001eb254360;Zm00001eb258980;Zm00001eb259440;Zm00001eb260040;Zm00001eb260770;Zm00001eb264840;Zm00001eb266810;Zm00001eb268800;Zm00001eb276220;Zm00001eb276940;Zm00001eb277960;Zm00001eb278240;Zm00001eb279350;Zm00001eb279920;Zm00001eb280270;Zm00001eb281640;Zm00001eb284850;Zm00001eb285330;Zm00001eb287910;Zm00001eb288260;Zm00001eb293000;Zm00001eb293520;Zm00001eb293980;Zm00001eb296450;Zm00001eb296600;Zm00001eb297450;Zm00001eb297580;Zm00001eb298470;Zm00001eb300690;Zm00001eb303920;Zm00001eb305370;Zm00001eb305620;Zm00001eb306130;Zm00001eb306710;Zm00001eb308960;Zm00001eb309720;Zm00001eb309960;Zm00001eb312400;Zm00001eb312530;Zm00001eb315860;Zm00001eb316210;Zm00001eb317070;Zm00001eb326090;Zm00001eb327600;Zm00001eb328240;Zm00001eb328630;Zm00001eb329770;Zm00001eb330270;Zm00001eb333280;Zm00001eb333410;Zm00001eb336860;Zm00001eb344620;Zm00001eb345080;Zm00001eb345230;Zm00001eb348250;Zm00001eb349000;Zm00001eb353160;Zm00001eb357910;Zm00001eb358050;Zm00001eb359350;Zm00001eb363330;Zm00001eb364980;Zm00001eb370280;Zm00001eb372370;Zm00001eb372540;Zm00001eb372990;Zm00001eb374510;Zm00001eb374520;Zm00001eb377380;Zm00001eb378710;Zm00001eb387760;Zm00001eb388320;Zm00001eb390310;Zm00001eb396480;Zm00001eb399230;Zm00001eb401590;Zm00001eb402420;Zm00001eb403530;Zm00001eb404930;Zm00001eb405990;Zm00001eb406960;Zm00001eb411060;Zm00001eb413360;Zm00001eb417050;Zm00001eb418010;Zm00001eb420510;Zm00001eb422180;Zm00001eb422810;Zm00001eb422990;Zm00001eb423020;Zm00001eb424400;Zm00001eb424590;Zm00001eb424980;Zm00001eb426720;Zm00001eb431340;Zm00001eb433270;Zm00001eb433480;Zm00001eb434250;Zm00001eb001400;Zm00001eb002320;Zm00001eb008370;Zm00001eb015010;Zm00001eb024750;Zm00001eb025210;Zm00001eb034850;Zm00001eb039390;Zm00001eb039670;Zm00001eb041720;Zm00001eb053240;Zm00001eb053260;Zm00001eb055050;Zm00001eb059090;Zm00001eb102230;Zm00001eb105410;Zm00001eb108030;Zm00001eb110430;Zm00001eb129380;Zm00001eb140660;Zm00001eb151060;Zm00001eb154640;Zm00001eb179550;Zm00001eb187490;Zm00001eb213750;Zm00001eb216210;Zm00001eb224900;Zm00001eb224990;Zm00001eb241770;Zm00001eb242800;Zm00001eb258880;Zm00001eb290200;Zm00001eb290920;Zm00001eb292370;Zm00001eb316630;Zm00001eb321910;Zm00001eb325880;Zm00001eb329150;Zm00001eb329270;Zm00001eb332510;Zm00001eb361610;Zm00001eb362760;Zm00001eb368480;Zm00001eb369670;Zm00001eb370910;Zm00001eb394340;Zm00001eb395850;Zm00001eb401250;Zm00001eb416000;Zm00001eb422230;Zm00001eb375150;Zm00001eb315360;Zm00001eb299550;Zm00001eb261270;Zm00001eb229330;Zm00001eb221180;Zm00001eb175570;Zm00001eb173490;Zm00001eb117970;Zm00001eb100150;Zm00001eb097190;Zm00001eb071910;Zm00001eb044740;Zm00001eb018220;Zm00001eb008490;Zm00001eb039620;Zm00001eb040430;Zm00001eb114840;Zm00001eb176210;Zm00001eb187520;Zm00001eb258710;Zm00001eb308640;Zm00001eb361310;Zm00001eb392200;Zm00001eb400330;Zm00001eb421460;Zm00001eb362360;Zm00001eb329260;Zm00001eb293540;Zm00001eb242100;Zm00001eb185500;Zm00001eb140090;Zm00001eb121370;Zm00001eb095460;Zm00001eb084760",0.0001999800019998,313,"48;113;253;30;105;26;120;245;36;183;182;167;230;294;306;297;238;99;51;67;8;7;187;301;247;254;34;236;142;162;260;122;281;72;39;87;207;289;45;184;93;136;251;155;206;59;312;119;123;233;234;88;35;313;259;57;24;101;296;2;74;78;194;97;3;76;62;265;205;61;121;102;112;108;231;141;176;175;118;214;56;96;283;134;14;257;10;5;91;169;128;212;242;298;209;158;235;98;22;177;138;201;52;63;9;37;127;308;71;132;55;92;89;157;181;16;13;228;23;160;94;58;211;163;49;173;171;6;54;196;302;269;262;165;215;276;116;79;244;295;65;82;208;140;21;213;46;28;143;280;41;83;11;263;77;4;252;107;264;200;137;210;95;287;190;222;223;290;174;199;192;156;131;249;273;126;227;18;40;144;133;150;282;38;70;272;80;42;303;12;237;186;110;147;275;180;139;293;75;129;90;304;81;148;271;32;117;178;53;179;274;239;43;44;217;218;125;216;284;191;220;286;202;261;20;66;185;64;103;166;161;170;279;266;168;145;31;25;255;109;229;309;241;203;197;198;248;305;130;226;310;268;104;204;114;86;278;27;1;106;311;73;270;221;288;146;124;243;292;152;100;299;189;285;232;258;17;291;29;277;111;219;19;224;307;225;256;85;246;50;135;115;267;84;154;60;172;151;15;193;68;33;159;188;153;164;250;149;69;240;195;300;47",2.36544342525481e-40,"+"
"72","PWY-5080","very long chain fatty acid biosynthesis I",59,"Zm00001eb124340;Zm00001eb335910;Zm00001eb351400;Zm00001eb373290;Zm00001eb321160;Zm00001eb211510;Zm00001eb104070;Zm00001eb088630;Zm00001eb335900;Zm00001eb001060;Zm00001eb017070;Zm00001eb022870;Zm00001eb120280;Zm00001eb124270;Zm00001eb183950;Zm00001eb201230;Zm00001eb246270;Zm00001eb307680;Zm00001eb378470;Zm00001eb381100;Zm00001eb391900;Zm00001eb420380;Zm00001eb004760;Zm00001eb006020;Zm00001eb008920;Zm00001eb010500;Zm00001eb018600;Zm00001eb026670;Zm00001eb034600;Zm00001eb036660;Zm00001eb046050;Zm00001eb047970;Zm00001eb054140;Zm00001eb057000;Zm00001eb071110;Zm00001eb096730;Zm00001eb100700;Zm00001eb134130;Zm00001eb162960;Zm00001eb162970;Zm00001eb167740;Zm00001eb179050;Zm00001eb183070;Zm00001eb190120;Zm00001eb222980;Zm00001eb240620;Zm00001eb258610;Zm00001eb296230;Zm00001eb296590;Zm00001eb310760;Zm00001eb318810;Zm00001eb341960;Zm00001eb343740;Zm00001eb344070;Zm00001eb379940;Zm00001eb385870;Zm00001eb398750;Zm00001eb400910;Zm00001eb413860",0.0001999800019998,59,"27;52;59;33;25;58;16;15;55;49;45;10;31;38;53;5;54;47;23;40;36;42;20;2;9;24;21;56;32;17;3;34;6;48;19;57;14;11;26;44;22;37;41;39;46;28;43;51;12;8;30;18;13;29;35;1;50;7;4",4.18417519397579e-08,"+"
"73","PWY-5083","NAD(P)/NADPH interconversion",54,"Zm00001eb001400;Zm00001eb002320;Zm00001eb008370;Zm00001eb015010;Zm00001eb024750;Zm00001eb025210;Zm00001eb034850;Zm00001eb039390;Zm00001eb039670;Zm00001eb041720;Zm00001eb053240;Zm00001eb053260;Zm00001eb055050;Zm00001eb059090;Zm00001eb102230;Zm00001eb105410;Zm00001eb108030;Zm00001eb110430;Zm00001eb129380;Zm00001eb140660;Zm00001eb151060;Zm00001eb154640;Zm00001eb179550;Zm00001eb187490;Zm00001eb213750;Zm00001eb216210;Zm00001eb224900;Zm00001eb224990;Zm00001eb241770;Zm00001eb242800;Zm00001eb258880;Zm00001eb290200;Zm00001eb290920;Zm00001eb292370;Zm00001eb316630;Zm00001eb321910;Zm00001eb325880;Zm00001eb329150;Zm00001eb329270;Zm00001eb332510;Zm00001eb361610;Zm00001eb362760;Zm00001eb368480;Zm00001eb369670;Zm00001eb370910;Zm00001eb394340;Zm00001eb395850;Zm00001eb401250;Zm00001eb416000;Zm00001eb091060;Zm00001eb098430;Zm00001eb140570;Zm00001eb201410;Zm00001eb362660",0.0001999800019998,54,"25;17;2;10;19;26;8;32;23;5;6;31;37;51;3;29;14;7;50;41;34;48;54;16;35;24;36;21;45;44;9;47;43;46;11;33;38;53;27;1;13;20;40;42;15;4;30;49;52;28;18;39;22;12",1.22444093647506e-07,"+"
"83","PWY-5129","sphingolipid biosynthesis (plants)",53,"Zm00001eb083260;Zm00001eb109800;Zm00001eb157880;Zm00001eb169810;Zm00001eb188440;Zm00001eb191570;Zm00001eb201760;Zm00001eb254570;Zm00001eb272320;Zm00001eb279640;Zm00001eb292140;Zm00001eb359530;Zm00001eb372420;Zm00001eb427640;Zm00001eb367080;Zm00001eb324260;Zm00001eb172780;Zm00001eb135180;Zm00001eb043540;Zm00001eb098340;Zm00001eb162340;Zm00001eb162350;Zm00001eb310330;Zm00001eb032500;Zm00001eb059630;Zm00001eb137020;Zm00001eb147900;Zm00001eb289400;Zm00001eb367670;Zm00001eb010860;Zm00001eb023770;Zm00001eb085250;Zm00001eb089170;Zm00001eb089180;Zm00001eb093690;Zm00001eb113010;Zm00001eb167610;Zm00001eb168600;Zm00001eb168990;Zm00001eb170230;Zm00001eb170240;Zm00001eb176610;Zm00001eb178340;Zm00001eb306880;Zm00001eb326110;Zm00001eb326120;Zm00001eb363730;Zm00001eb385270;Zm00001eb393370;Zm00001eb398510;Zm00001eb433790;Zm00001eb251870;Zm00001eb188220",0.0001999800019998,53,"39;23;53;44;50;9;28;51;8;3;42;19;38;47;49;18;43;40;32;14;2;13;5;48;45;46;25;20;41;17;1;36;34;4;11;31;21;22;15;33;30;6;35;27;29;12;16;26;24;7;10;52;37",2.28428592622874e-07,"+"
"88","PWY-5147","oleate biosynthesis I (plants)",41,"Zm00001eb434030;Zm00001eb417150;Zm00001eb407800;Zm00001eb404990;Zm00001eb393760;Zm00001eb376490;Zm00001eb201940;Zm00001eb200870;Zm00001eb196590;Zm00001eb195860;Zm00001eb158030;Zm00001eb156790;Zm00001eb156650;Zm00001eb153400;Zm00001eb152410;Zm00001eb119050;Zm00001eb093590;Zm00001eb083110;Zm00001eb023370;Zm00001eb023380;Zm00001eb094620;Zm00001eb102360;Zm00001eb270390;Zm00001eb277000;Zm00001eb301690;Zm00001eb317680;Zm00001eb358530;Zm00001eb377350;Zm00001eb385960;Zm00001eb433280;Zm00001eb025490;Zm00001eb026580;Zm00001eb085820;Zm00001eb143300;Zm00001eb225510;Zm00001eb317790;Zm00001eb364580;Zm00001eb366200;Zm00001eb405090;Zm00001eb413570;Zm00001eb420640",0.0001999800019998,20,"19;20;9;32;11;8;34;7;10;41;38;14;40;18;31;27;39;4;22;5",1.4307588208828e-06,"+"
"102","PWY-5690","TCA cycle II (plants and fungi)",57,"Zm00001eb018220;Zm00001eb044740;Zm00001eb071910;Zm00001eb097190;Zm00001eb100150;Zm00001eb117970;Zm00001eb173490;Zm00001eb175570;Zm00001eb221180;Zm00001eb229330;Zm00001eb261270;Zm00001eb299550;Zm00001eb315360;Zm00001eb375150;Zm00001eb422230;Zm00001eb041400;Zm00001eb045790;Zm00001eb059070;Zm00001eb074700;Zm00001eb158270;Zm00001eb179730;Zm00001eb296550;Zm00001eb304640;Zm00001eb328310;Zm00001eb373750;Zm00001eb220780;Zm00001eb321980;Zm00001eb013290;Zm00001eb183760;Zm00001eb246080;Zm00001eb332780;Zm00001eb424940;Zm00001eb002960;Zm00001eb089800;Zm00001eb105870;Zm00001eb171440;Zm00001eb394900;Zm00001eb402710;Zm00001eb419110;Zm00001eb206090;Zm00001eb206100;Zm00001eb236450;Zm00001eb239300;Zm00001eb107590;Zm00001eb247500;Zm00001eb277730;Zm00001eb283930;Zm00001eb325420;Zm00001eb016240;Zm00001eb165980",0.0001999800019998,57,"51;24;22;12;4;31;39;50;40;10;37;48;27;34;45;23;26;18;32;52;38;49;53;55;16;41;28;13;57;19;6;3;25;43;11;9;7;33;44;14;36;47;21;29;15;54;5;30;35;46;1;8;2;56;20;42;17",3.13071312578752e-08,"+"
"139","PWY-6352","3-phosphoinositide biosynthesis",66,"Zm00001eb006080;Zm00001eb051200;Zm00001eb078550;Zm00001eb145480;Zm00001eb208570;Zm00001eb219430;Zm00001eb220860;Zm00001eb257160;Zm00001eb260370;Zm00001eb278480;Zm00001eb299650;Zm00001eb374080;Zm00001eb401720;Zm00001eb019420;Zm00001eb041840;Zm00001eb044300;Zm00001eb076550;Zm00001eb112440;Zm00001eb146180;Zm00001eb174440;Zm00001eb177150;Zm00001eb260170;Zm00001eb279620;Zm00001eb280640;Zm00001eb312210;Zm00001eb328880;Zm00001eb347370;Zm00001eb400060;Zm00001eb178330;Zm00001eb291290;Zm00001eb405320;Zm00001eb011460;Zm00001eb017280;Zm00001eb017290;Zm00001eb023920;Zm00001eb037930;Zm00001eb044280;Zm00001eb054190;Zm00001eb054420;Zm00001eb093110;Zm00001eb100460;Zm00001eb110730;Zm00001eb176590;Zm00001eb216660;Zm00001eb220840;Zm00001eb229140;Zm00001eb290110;Zm00001eb314720;Zm00001eb329740;Zm00001eb394480;Zm00001eb274200;Zm00001eb389940;Zm00001eb027210;Zm00001eb101380;Zm00001eb114410;Zm00001eb128610;Zm00001eb168670;Zm00001eb216400;Zm00001eb315900;Zm00001eb326430;Zm00001eb332980;Zm00001eb345210;Zm00001eb352480;Zm00001eb377950;Zm00001eb380650;Zm00001eb433200",0.0001999800019998,66,"47;65;34;28;64;66;48;17;51;7;45;50;9;33;10;59;16;1;55;41;44;42;63;58;30;22;49;21;11;26;19;52;6;27;20;29;5;32;25;18;61;56;62;39;13;15;31;12;3;35;54;8;36;4;24;14;46;2;38;43;37;40;60;57;53;23",3.57498652549052e-10,"+"
"145","PWY-6442","spermidine hydroxycinnamic acid conjugates biosynthesis",3,"Zm00001eb260700",0.0001999800019998,3,"1;2;3",5.59401975561251e-08,"+"
"152","PWY-6527","stachyose degradation",21,"Zm00001eb104400;Zm00001eb185890;Zm00001eb230070;Zm00001eb320800;Zm00001eb351780;Zm00001eb354740;Zm00001eb272890;Zm00001eb226930;Zm00001eb215830;Zm00001eb063430;Zm00001eb033870;Zm00001eb033880;Zm00001eb033890;Zm00001eb016850;Zm00001eb042670;Zm00001eb309880;Zm00001eb319250;Zm00001eb301000",0.0001999800019998,17,"2;5;11;12;13;8;20;16;10;18;1;7;19;9;21;14;3",7.81692194568684e-08,"+"
"169","PWY-6803","phosphatidylcholine acyl editing",94,"Zm00001eb016740;Zm00001eb017530;Zm00001eb023740;Zm00001eb031750;Zm00001eb070790;Zm00001eb106120;Zm00001eb121780;Zm00001eb141920;Zm00001eb146430;Zm00001eb155120;Zm00001eb158350;Zm00001eb158360;Zm00001eb165770;Zm00001eb169300;Zm00001eb172940;Zm00001eb174090;Zm00001eb186220;Zm00001eb196570;Zm00001eb221940;Zm00001eb249230;Zm00001eb260480;Zm00001eb266650;Zm00001eb266660;Zm00001eb271290;Zm00001eb287830;Zm00001eb289220;Zm00001eb296540;Zm00001eb305700;Zm00001eb313890;Zm00001eb318230;Zm00001eb322860;Zm00001eb330150;Zm00001eb350800;Zm00001eb355690;Zm00001eb359360;Zm00001eb365620;Zm00001eb408870;Zm00001eb083110;Zm00001eb093590;Zm00001eb119050;Zm00001eb152410;Zm00001eb153400;Zm00001eb156650;Zm00001eb156790;Zm00001eb158030;Zm00001eb195860;Zm00001eb196590;Zm00001eb200870;Zm00001eb201940;Zm00001eb376490;Zm00001eb393760;Zm00001eb404990;Zm00001eb407800;Zm00001eb417150;Zm00001eb434030;Zm00001eb011000;Zm00001eb011380;Zm00001eb019170;Zm00001eb025570;Zm00001eb031610;Zm00001eb038250;Zm00001eb038270;Zm00001eb038280;Zm00001eb038290;Zm00001eb050700;Zm00001eb050710;Zm00001eb054510;Zm00001eb059800;Zm00001eb096390;Zm00001eb096400;Zm00001eb096490;Zm00001eb100970;Zm00001eb115060;Zm00001eb115140;Zm00001eb115150;Zm00001eb120460;Zm00001eb124520;Zm00001eb135980;Zm00001eb140460;Zm00001eb166850;Zm00001eb190580;Zm00001eb197570;Zm00001eb200100;Zm00001eb224740;Zm00001eb259550;Zm00001eb299880;Zm00001eb250480;Zm00001eb363580;Zm00001eb403520;Zm00001eb433110",0.0001999800019998,94,"57;83;91;74;3;75;89;47;60;45;48;27;70;12;84;8;11;49;46;24;92;79;42;87;38;4;85;15;73;13;81;52;51;67;37;55;19;25;76;2;71;93;86;56;68;20;28;61;26;88;58;54;77;35;32;7;1;17;82;34;30;10;50;59;36;69;5;72;43;39;9;80;63;64;16;40;18;29;90;53;33;21;94;41;6;14;22;23;44;78;65;66;62;31",1.06829966941586e-12,"+"
"176","PWY-699","brassinolide biosynthesis I",16,"Zm00001eb002360;Zm00001eb120890;Zm00001eb284090;Zm00001eb424320;Zm00001eb052660;Zm00001eb093140;Zm00001eb196530;Zm00001eb009730;Zm00001eb080110",0.0001999800019998,9,"5;12;3;11;6;13;4;2;10",1.54851758881005e-05,"+"
"179","PWY-7039","phosphatidate metabolism, as a signaling molecule",54,"Zm00001eb013380;Zm00001eb111990;Zm00001eb174140;Zm00001eb229100;Zm00001eb394390;Zm00001eb001370;Zm00001eb019050;Zm00001eb021510;Zm00001eb039780;Zm00001eb097160;Zm00001eb099650;Zm00001eb103990;Zm00001eb104020;Zm00001eb122860;Zm00001eb180150;Zm00001eb180160;Zm00001eb184950;Zm00001eb230280;Zm00001eb230290;Zm00001eb236140;Zm00001eb275030;Zm00001eb283150;Zm00001eb285800;Zm00001eb304640;Zm00001eb331700;Zm00001eb334470;Zm00001eb336760;Zm00001eb337170;Zm00001eb339870;Zm00001eb360410;Zm00001eb386300;Zm00001eb408170;Zm00001eb042920;Zm00001eb097940;Zm00001eb294840;Zm00001eb309560;Zm00001eb335600;Zm00001eb360740;Zm00001eb001870;Zm00001eb020260;Zm00001eb029550;Zm00001eb036420;Zm00001eb051670;Zm00001eb069350;Zm00001eb102060;Zm00001eb151400;Zm00001eb160870;Zm00001eb199610;Zm00001eb257410;Zm00001eb290260;Zm00001eb317000;Zm00001eb411260;Zm00001eb412830;Zm00001eb413000",0.0001999800019998,54,"26;9;30;44;48;38;36;23;31;35;51;34;46;25;54;29;39;10;7;24;40;53;17;5;47;14;42;50;21;49;15;22;12;45;32;18;19;52;13;2;4;28;16;6;27;11;3;37;20;41;33;8;1;43",7.24608271713162e-08,"+"
"217","PWY-8157","avenanthramide biosynthesis",51,"Zm00001eb147650;Zm00001eb260630;Zm00001eb313190;Zm00001eb347850;Zm00001eb367240;Zm00001eb001420;Zm00001eb048540;Zm00001eb094980;Zm00001eb124660;Zm00001eb150550;Zm00001eb291460;Zm00001eb038890;Zm00001eb078220;Zm00001eb098190;Zm00001eb124150;Zm00001eb124170;Zm00001eb124190;Zm00001eb125070;Zm00001eb134960;Zm00001eb186310;Zm00001eb246860;Zm00001eb268400;Zm00001eb000140;Zm00001eb024860;Zm00001eb077220;Zm00001eb077230;Zm00001eb135760;Zm00001eb185240;Zm00001eb185250;Zm00001eb185260;Zm00001eb228950;Zm00001eb247630;Zm00001eb247650;Zm00001eb247660;Zm00001eb327700;Zm00001eb336630;Zm00001eb363980;Zm00001eb363990;Zm00001eb364000;Zm00001eb240910;Zm00001eb285030;Zm00001eb346150;Zm00001eb368900;Zm00001eb002380;Zm00001eb004210;Zm00001eb040790;Zm00001eb178360;Zm00001eb187910;Zm00001eb233720;Zm00001eb298620;Zm00001eb389420",0.0001999800019998,51,"25;32;33;24;11;43;8;22;26;41;46;4;35;49;7;51;40;42;6;14;19;10;34;1;15;45;36;9;44;18;21;20;17;31;3;29;27;28;48;50;23;47;2;37;38;39;5;12;16;13;30",3.38966742953289e-07,"+"
"248","TRIGLSYN-PWY","diacylglycerol and triacylglycerol biosynthesis",57,"Zm00001eb331670;Zm00001eb314300;Zm00001eb258680;Zm00001eb148010;Zm00001eb100310;Zm00001eb037190;Zm00001eb102970;Zm00001eb115270;Zm00001eb151440;Zm00001eb166180;Zm00001eb220920;Zm00001eb292040;Zm00001eb005110;Zm00001eb025080;Zm00001eb048150;Zm00001eb056370;Zm00001eb063420;Zm00001eb115970;Zm00001eb127520;Zm00001eb136910;Zm00001eb147550;Zm00001eb159140;Zm00001eb173160;Zm00001eb224960;Zm00001eb289580;Zm00001eb323170;Zm00001eb347840;Zm00001eb351250;Zm00001eb358940;Zm00001eb396350;Zm00001eb108680;Zm00001eb131690;Zm00001eb156680;Zm00001eb188900;Zm00001eb277490;Zm00001eb284200;Zm00001eb295350;Zm00001eb381970;Zm00001eb417470;Zm00001eb013250;Zm00001eb042920;Zm00001eb061460;Zm00001eb097940;Zm00001eb157460;Zm00001eb166810;Zm00001eb186700;Zm00001eb188310;Zm00001eb212610;Zm00001eb252000;Zm00001eb272460;Zm00001eb289800;Zm00001eb294840;Zm00001eb309560;Zm00001eb335600;Zm00001eb359710;Zm00001eb360740",0.0001999800019998,57,"25;27;47;24;57;15;54;1;38;13;35;53;44;17;5;23;4;14;36;48;39;31;40;22;37;45;6;32;19;20;10;16;56;49;8;3;28;2;30;9;7;46;50;51;43;29;41;55;52;42;33;18;21;34;12;26;11",6.29003401775745e-08,"+"
"168","PWY-6786","detoxification of reactive carbonyls in chloroplasts",29,"Zm00001eb152950;Zm00001eb046850;Zm00001eb046870;Zm00001eb108670;Zm00001eb192490;Zm00001eb300950;Zm00001eb309910",0.0003999600039996,8,"7;13;19;25;5;11;17;23",4.10058471189127e-06,"+"
"202","PWY-7416","phospholipid remodeling (phosphatidylcholine, yeast)",45,"Zm00001eb331670;Zm00001eb314300;Zm00001eb258680;Zm00001eb148010;Zm00001eb100310;Zm00001eb037190;Zm00001eb433110;Zm00001eb403520;Zm00001eb363580;Zm00001eb250480;Zm00001eb313890;Zm00001eb299880;Zm00001eb289220;Zm00001eb259550;Zm00001eb224740;Zm00001eb200100;Zm00001eb197570;Zm00001eb190580;Zm00001eb186220;Zm00001eb166850;Zm00001eb146430;Zm00001eb140460;Zm00001eb135980;Zm00001eb124520;Zm00001eb120460;Zm00001eb115150;Zm00001eb115140;Zm00001eb115060;Zm00001eb100970;Zm00001eb096490;Zm00001eb096400;Zm00001eb096390;Zm00001eb059800;Zm00001eb054510;Zm00001eb050710;Zm00001eb050700;Zm00001eb038290;Zm00001eb038280;Zm00001eb038270;Zm00001eb038250;Zm00001eb031610;Zm00001eb025570;Zm00001eb019170;Zm00001eb011380;Zm00001eb011000",0.0003999600039996,26,"44;18;10;27;26;12;41;31;17;1;9;5;22;14;4;16;28;20;34;25;30;8;15;45;6;33",5.37135897799162e-07,"+"
"80","PWY-5121","superpathway of geranylgeranyl diphosphate biosynthesis II (via MEP)",10,"Zm00001eb107690;Zm00001eb186980;Zm00001eb250080;Zm00001eb297120;Zm00001eb325560;Zm00001eb333900;Zm00001eb342550;Zm00001eb361070",0.0007999200079992,3,"5;9;4",5.42128854724322e-05,"+"
"201","PWY-735","jasmonic acid biosynthesis",27,"Zm00001eb376020;Zm00001eb379490;Zm00001eb002570;Zm00001eb025180;Zm00001eb048810;Zm00001eb191000;Zm00001eb298620;Zm00001eb308860;Zm00001eb365590;Zm00001eb005920;Zm00001eb035010;Zm00001eb423430;Zm00001eb009340;Zm00001eb058640;Zm00001eb058670;Zm00001eb205210;Zm00001eb214000;Zm00001eb082050;Zm00001eb131870;Zm00001eb279210;Zm00001eb356160;Zm00001eb373030;Zm00001eb373050;Zm00001eb020680;Zm00001eb393530",0.0007999200079992,3,"7;16;17",3.25821512455696e-05,"+"
"37","PWY-2261","ascorbate glutathione cycle",30,"Zm00001eb013080;Zm00001eb028900;Zm00001eb035440;Zm00001eb055480;Zm00001eb071800;Zm00001eb082560;Zm00001eb102190;Zm00001eb112040;Zm00001eb202790;Zm00001eb243590;Zm00001eb294460;Zm00001eb315550;Zm00001eb397180;Zm00001eb408280;Zm00001eb413440;Zm00001eb419790;Zm00001eb094310;Zm00001eb097680;Zm00001eb121020;Zm00001eb163210;Zm00001eb165750;Zm00001eb266260;Zm00001eb279790;Zm00001eb284170;Zm00001eb337720;Zm00001eb354400;Zm00001eb355540;Zm00001eb355550;Zm00001eb394040;Zm00001eb410500",0.000999900009999,10,"9;27;28;11;10;23;18;14;5;6",7.18489848223354e-05,"+"
"48","PWY-3561","choline biosynthesis III",34,"Zm00001eb230240;Zm00001eb278650;Zm00001eb386530;Zm00001eb001370;Zm00001eb019050;Zm00001eb021510;Zm00001eb039780;Zm00001eb097160;Zm00001eb099650;Zm00001eb103990;Zm00001eb104020;Zm00001eb122860;Zm00001eb180150;Zm00001eb180160;Zm00001eb184950;Zm00001eb230280;Zm00001eb230290;Zm00001eb236140;Zm00001eb275030;Zm00001eb283150;Zm00001eb285800;Zm00001eb304640;Zm00001eb331700;Zm00001eb334470;Zm00001eb336760;Zm00001eb337170;Zm00001eb339870;Zm00001eb360410;Zm00001eb386300;Zm00001eb408170;Zm00001eb025170;Zm00001eb172180;Zm00001eb233270;Zm00001eb415600",0.000999900009999,34,"24;7;33;28;21;29;32;23;27;8;5;22;15;3;12;2;1;19;13;20;10;30;16;17;34;11;26;14;4;25;9;18;6;31",1.17749912725205e-05,"+"
"109","PWY-5910","superpathway of geranylgeranyldiphosphate biosynthesis I (via mevalonate)",10,"Zm00001eb107690;Zm00001eb186980;Zm00001eb250080;Zm00001eb297120;Zm00001eb325560;Zm00001eb333900;Zm00001eb342550;Zm00001eb361070",0.000999900009999,3,"5;9;4",5.42128854724322e-05,"+"
"155","PWY-6546","brassinosteroids inactivation",38,"Zm00001eb018030;Zm00001eb018040;Zm00001eb043560;Zm00001eb074970;Zm00001eb105440;Zm00001eb110040;Zm00001eb110050;Zm00001eb122680;Zm00001eb131350;Zm00001eb142240;Zm00001eb205510;Zm00001eb235360;Zm00001eb278380;Zm00001eb278390;Zm00001eb328620;Zm00001eb329380;Zm00001eb338600;Zm00001eb394140;Zm00001eb394150",0.000999900009999,38,"14;33;10;29;17;36;4;23;18;19;37;38;2;21;6;25;5;24;7;26;12;31;8;27;15;34;13;32;1;20;16;35;3;22;9;28;11;30",1.45758198921232e-05,"+"
"31","PWY-101","photosynthesis light reactions",23,"Zm00001eb022040;Zm00001eb056210;Zm00001eb083680;Zm00001eb213670;Zm00001eb320280;Zm00001eb105240;Zm00001eb204410;Zm00001eb238370;Zm00001eb255910;Zm00001eb035340;Zm00001eb124300;Zm00001eb138680;Zm00001eb150500;Zm00001eb151750;Zm00001eb159760;Zm00001eb244980;Zm00001eb298270;Zm00001eb309200;Zm00001eb330460;Zm00001eb335940;Zm00001eb336410;Zm00001eb358300;Zm00001eb419650",0.0011998800119988,15,"1;14;3;2;15;7;8;18;5;6;20;16;17;19;11",3.16651136997823e-05,"+"
"214","PWY-8011","L-serine biosynthesis II",11,"Zm00001eb034260;Zm00001eb034320;Zm00001eb034570;Zm00001eb088840;Zm00001eb097200;Zm00001eb229250;Zm00001eb299920;Zm00001eb338070;Zm00001eb418650;Zm00001eb418680",0.0011998800119988,4,"1;4;2;8",5.0844993553371e-05,"+"
"222","PWY-861","dhurrin biosynthesis",20,"Zm00001eb064510;Zm00001eb305330;Zm00001eb058180;Zm00001eb219290;Zm00001eb219870;Zm00001eb385020;Zm00001eb061920;Zm00001eb138250",0.0011998800119988,3,"2;4;6",5.45623488633713e-05,"+"
"18","LEU-DEG2-PWY","L-leucine degradation I",14,"Zm00001eb265270;Zm00001eb355050;Zm00001eb196270;Zm00001eb333030;Zm00001eb099790;Zm00001eb249240;Zm00001eb249250;Zm00001eb031330;Zm00001eb179170;Zm00001eb009540;Zm00001eb017520;Zm00001eb022930;Zm00001eb074240;Zm00001eb404340",0.0015998400159984,11,"4;13;3;10;1;9;5;11;8;12;14",3.41253268139535e-05,"+"
"22","MANNOSYL-CHITO-DOLICHOL-BIOSYNTHESIS","protein <i>N</i>-glycosylation initial phase (eukaryotic)",31,"Zm00001eb062720;Zm00001eb059180;Zm00001eb062940;Zm00001eb078080;Zm00001eb251030;Zm00001eb015730;Zm00001eb179060;Zm00001eb286130;Zm00001eb396150;Zm00001eb120330;Zm00001eb229730;Zm00001eb368620;Zm00001eb075160;Zm00001eb229670;Zm00001eb122900;Zm00001eb030250;Zm00001eb072460;Zm00001eb005970;Zm00001eb307610;Zm00001eb401770;Zm00001eb421280;Zm00001eb058290;Zm00001eb264580;Zm00001eb272600;Zm00001eb380920;Zm00001eb110840;Zm00001eb329870",0.0015998400159984,30,"2;18;5;1;28;22;9;12;17;31;10;15;30;3;14;24;13;20;21;7;25;29;19;26;4;27;6;8;11;16",5.79835456256561e-05,"+"
"115","PWY-5980","xylogalacturonan biosynthesis",33,"Zm00001eb000640;Zm00001eb015460;Zm00001eb041280;Zm00001eb076450;Zm00001eb084750;Zm00001eb125940;Zm00001eb142640;Zm00001eb142710;Zm00001eb142720;Zm00001eb143200;Zm00001eb147610;Zm00001eb150150;Zm00001eb158790;Zm00001eb163690;Zm00001eb191760;Zm00001eb206440;Zm00001eb214150;Zm00001eb234610;Zm00001eb247030;Zm00001eb294800;Zm00001eb294810;Zm00001eb302320;Zm00001eb324570;Zm00001eb334360;Zm00001eb342840;Zm00001eb363850;Zm00001eb363870;Zm00001eb375160;Zm00001eb395470;Zm00001eb402120;Zm00001eb404300;Zm00001eb405560;Zm00001eb433370",0.0017998200179982,33,"2;26;22;15;6;19;32;3;12;27;30;33;31;17;13;1;18;23;8;4;24;10;11;25;14;5;28;9;16;29;7;20;21",4.29669381820705e-05,"+"
"121","PWY-6039","chlorogenic acid biosynthesis I",35,"Zm00001eb001420;Zm00001eb048540;Zm00001eb094980;Zm00001eb124660;Zm00001eb150550;Zm00001eb291460;Zm00001eb101680;Zm00001eb199470;Zm00001eb199490;Zm00001eb263020;Zm00001eb271480;Zm00001eb416160;Zm00001eb180060;Zm00001eb147650;Zm00001eb260630;Zm00001eb313190;Zm00001eb347850;Zm00001eb367240;Zm00001eb038890;Zm00001eb078220;Zm00001eb098190;Zm00001eb124150;Zm00001eb124170;Zm00001eb124190;Zm00001eb125070;Zm00001eb134960;Zm00001eb186310;Zm00001eb246860;Zm00001eb268400",0.0017998200179982,35,"6;24;3;21;8;9;11;35;17;2;20;12;1;19;27;10;32;5;23;14;28;4;22;31;34;33;7;30;16;15;13;18;25;29;26",2.6623603566396e-05,"+"
"94","PWY-5343","ajugose biosynthesis II (galactinol-independent)",3,"Zm00001eb409230",0.001999800019998,3,"1;2;3",0.000334327634605125,"+"
"57","PWY-4321","L-glutamate degradation IV",33,"Zm00001eb174190;Zm00001eb182460;Zm00001eb260390;Zm00001eb270900;Zm00001eb282680;Zm00001eb070860;Zm00001eb091810;Zm00001eb171190;Zm00001eb187830;Zm00001eb193020;Zm00001eb233590;Zm00001eb233600;Zm00001eb281980;Zm00001eb339140;Zm00001eb430840;Zm00001eb207050;Zm00001eb233300;Zm00001eb037690;Zm00001eb055490;Zm00001eb081550;Zm00001eb081600;Zm00001eb399220",0.0021997800219978,33,"13;26;18;15;28;8;21;10;23;33;2;16;14;27;3;9;22;5;7;20;6;19;4;30;11;12;24;25;32;31;1;17;29",4.13992691485158e-05,"+"
"156","PWY-6554","1D-<i>myo</i>-inositol hexakisphosphate biosynthesis V (from Ins(1,3,4)P3)",32,"Zm00001eb049690;Zm00001eb076370;Zm00001eb221960;Zm00001eb242280;Zm00001eb277740;Zm00001eb277760;Zm00001eb283920;Zm00001eb287040;Zm00001eb337080;Zm00001eb396850;Zm00001eb024800;Zm00001eb025670;Zm00001eb055860;Zm00001eb095940;Zm00001eb240900;Zm00001eb277720;Zm00001eb283940;Zm00001eb321190;Zm00001eb373440;Zm00001eb399350;Zm00001eb067500;Zm00001eb432760",0.0021997800219978,32,"31;11;21;19;29;13;23;5;6;16;26;18;28;12;22;14;24;9;10;4;7;17;27;8;20;30;15;25;32;1;2;3",7.95091514013877e-05,"+"
"243","PWYQT-4466","superpathway of sucrose and starch metabolism I (non-photosynthetic tissue)",23,"Zm00001eb104400;Zm00001eb185890;Zm00001eb230070;Zm00001eb320800;Zm00001eb351780;Zm00001eb354740;Zm00001eb272890;Zm00001eb226930;Zm00001eb215830;Zm00001eb054980;Zm00001eb159720;Zm00001eb216260;Zm00001eb274560;Zm00001eb306410;Zm00001eb308980;Zm00001eb328120;Zm00001eb067700;Zm00001eb157870;Zm00001eb178250;Zm00001eb206840;Zm00001eb296350;Zm00001eb309980;Zm00001eb414550",0.0021997800219978,15,"23;20;16;2;12;18;5;8;15;1;14;7;9;17;3",3.89983280452423e-05,"+"
"69","PWY-5048","rosmarinic acid biosynthesis I",34,"Zm00001eb000140;Zm00001eb024860;Zm00001eb077220;Zm00001eb077230;Zm00001eb135760;Zm00001eb185240;Zm00001eb185250;Zm00001eb185260;Zm00001eb228950;Zm00001eb247630;Zm00001eb247650;Zm00001eb247660;Zm00001eb327700;Zm00001eb336630;Zm00001eb363980;Zm00001eb363990;Zm00001eb364000;Zm00001eb240910;Zm00001eb285030;Zm00001eb346150;Zm00001eb368900;Zm00001eb002380;Zm00001eb004210;Zm00001eb040790;Zm00001eb178360;Zm00001eb187910;Zm00001eb233720;Zm00001eb298620;Zm00001eb389420;Zm00001eb027920;Zm00001eb122460;Zm00001eb149140;Zm00001eb165890;Zm00001eb336900",0.0023997600239976,34,"3;10;11;2;21;4;19;33;24;13;27;29;18;20;30;34;12;23;32;14;22;9;7;5;6;26;28;1;25;15;16;17;31;8",4.86151235241612e-05,"+"
"67","PWY-5035","gibberellin biosynthesis III (early C-13 hydroxylation)",18,"Zm00001eb079790;Zm00001eb122500;Zm00001eb283020;Zm00001eb064970;Zm00001eb145600;Zm00001eb219040;Zm00001eb366090;Zm00001eb015820;Zm00001eb111610;Zm00001eb195520",0.0025997400259974,16,"5;9;16;13;6;10;17;4;8;15;7;11;18;14;12;2",0.000125581613095788,"-"
"19","LEUSYN-PWY","L-leucine biosynthesis",23,"Zm00001eb208610;Zm00001eb208760;Zm00001eb230780;Zm00001eb249330;Zm00001eb019200;Zm00001eb093160;Zm00001eb121260;Zm00001eb196510;Zm00001eb278820;Zm00001eb405040;Zm00001eb009540;Zm00001eb017520;Zm00001eb022930;Zm00001eb074240;Zm00001eb404340;Zm00001eb013280;Zm00001eb076030;Zm00001eb084930;Zm00001eb434270",0.002999700029997,2,"4;14",4.17140164765172e-05,"+"
"198","PWY-7343","UDP-&alpha;-D-glucose biosynthesis",16,"Zm00001eb054980;Zm00001eb159720;Zm00001eb216260;Zm00001eb274560;Zm00001eb306410;Zm00001eb308980;Zm00001eb328120;Zm00001eb104400;Zm00001eb185890;Zm00001eb230070;Zm00001eb320800;Zm00001eb351780;Zm00001eb354740;Zm00001eb272890;Zm00001eb226930;Zm00001eb215830",0.002999700029997,11,"7;9;3;12;15;6;8;5;14;16;10",0.000221372136888486,"+"
"144","PWY-6441","spermine and spermidine degradation III",30,"Zm00001eb021760;Zm00001eb066680;Zm00001eb070310;Zm00001eb074140;Zm00001eb097420;Zm00001eb123840;Zm00001eb155140;Zm00001eb223370;Zm00001eb255360;Zm00001eb257220;Zm00001eb273170;Zm00001eb295270;Zm00001eb416560;Zm00001eb431200;Zm00001eb433420",0.0031996800319968,30,"12;27;15;30;9;24;13;28;10;25;1;16;4;19;7;22;6;21;14;29;8;23;5;20;11;26;2;17;3;18",8.23473689045037e-05,"+"
"172","PWY-695","abscisic acid biosynthesis",19,"Zm00001eb031940;Zm00001eb051890;Zm00001eb117480;Zm00001eb140120;Zm00001eb140800;Zm00001eb188280;Zm00001eb218680;Zm00001eb251990;Zm00001eb267300;Zm00001eb267310;Zm00001eb300240;Zm00001eb309770;Zm00001eb318140;Zm00001eb331980;Zm00001eb375850;Zm00001eb013890;Zm00001eb170400;Zm00001eb212270;Zm00001eb396660",0.0031996800319968,12,"1;11;7;8;14;4;13;19;6;15;17;5",0.000125032706705308,"+"
"138","PWY-6348","phosphate acquisition",29,"Zm00001eb010130;Zm00001eb010140;Zm00001eb015870;Zm00001eb039610;Zm00001eb048820;Zm00001eb053560;Zm00001eb085600;Zm00001eb151650;Zm00001eb154650;Zm00001eb201680;Zm00001eb202100;Zm00001eb244670;Zm00001eb270230;Zm00001eb277460;Zm00001eb283450;Zm00001eb283460;Zm00001eb297600;Zm00001eb330770;Zm00001eb346800;Zm00001eb350080;Zm00001eb357720;Zm00001eb361620;Zm00001eb377540;Zm00001eb382760;Zm00001eb387030;Zm00001eb406620;Zm00001eb406650;Zm00001eb410860;Zm00001eb421880",0.0033996600339966,17,"5;29;3;25;1;6;18;15;16;26;8;2;24;21;27;22;10",0.00011297788599038,"+"
"184","PWY-7184","pyrimidine deoxyribonucleotides <i>de novo</i> biosynthesis I",30,"Zm00001eb392190;Zm00001eb041370;Zm00001eb018380;Zm00001eb002450;Zm00001eb379830;Zm00001eb375490;Zm00001eb280680;Zm00001eb271680;Zm00001eb078510;Zm00001eb109870;Zm00001eb131070;Zm00001eb208950;Zm00001eb248420;Zm00001eb282480;Zm00001eb311360;Zm00001eb340590;Zm00001eb027080;Zm00001eb112740;Zm00001eb169580;Zm00001eb052270;Zm00001eb345550;Zm00001eb321790;Zm00001eb297860;Zm00001eb081910;Zm00001eb023820",0.0035996400359964,30,"20;14;21;26;3;19;17;7;5;1;9;11;18;12;10;8;2;15;6;23;28;16;22;27;24;29;4;13;25;30",0.000106054034910662,"+"
"58","PWY-4361","<i>S</i>-methyl-5-thio-&alpha;-D-ribose 1-phosphate degradation I",13,"Zm00001eb402000;Zm00001eb005710;Zm00001eb221410;Zm00001eb314710;Zm00001eb004660;Zm00001eb047770;Zm00001eb218580;Zm00001eb235160;Zm00001eb127150;Zm00001eb169620;Zm00001eb168430",0.003999600039996,1,"2",0.000180405476969046,"+"
"153","PWY-6540","costunolide biosynthesis",4,"Zm00001eb079490;Zm00001eb164760",0.0041995800419958,3,"2;3;4",0.000506762107205714,"+"
"238","PWY66-385","dTMP <i>de novo</i> biosynthesis (mitochondrial)",15,"Zm00001eb027080;Zm00001eb112740;Zm00001eb169580;Zm00001eb030210;Zm00001eb056550;Zm00001eb146170;Zm00001eb170020;Zm00001eb345190;Zm00001eb366470;Zm00001eb081380;Zm00001eb111750;Zm00001eb331210",0.0041995800419958,10,"3;14;7;11;4;1;10;9;5;6",0.00021822804141491,"+"
"75","PWY-5097","L-lysine biosynthesis VI",25,"Zm00001eb001140;Zm00001eb176170;Zm00001eb398800;Zm00001eb406820;Zm00001eb028810;Zm00001eb136710;Zm00001eb008180;Zm00001eb013940;Zm00001eb396620;Zm00001eb396630;Zm00001eb421210;Zm00001eb073410;Zm00001eb389290;Zm00001eb214360;Zm00001eb064530;Zm00001eb094670;Zm00001eb097580;Zm00001eb145010;Zm00001eb177530;Zm00001eb220040;Zm00001eb280160;Zm00001eb299320;Zm00001eb309070;Zm00001eb415810;Zm00001eb420300",0.0045995400459954,1,"20",0.000146577186273969,"+"
"158","PWY-6596","adenosine nucleotides degradation I",29,"Zm00001eb021020;Zm00001eb021150;Zm00001eb127230;Zm00001eb136320;Zm00001eb165530;Zm00001eb333950;Zm00001eb349760;Zm00001eb096030;Zm00001eb361250;Zm00001eb333800;Zm00001eb313430;Zm00001eb302930;Zm00001eb218510;Zm00001eb155170;Zm00001eb059100;Zm00001eb057300;Zm00001eb059650;Zm00001eb088850;Zm00001eb191350;Zm00001eb213620;Zm00001eb286120;Zm00001eb331540",0.004999500049995,16,"29;24;28;12;19;13;20;23;5;11;18;1;10;17;4;8",0.000182284090316171,"+"
"51","PWY-3801","sucrose degradation II (sucrose synthase)",26,"Zm00001eb054980;Zm00001eb159720;Zm00001eb216260;Zm00001eb274560;Zm00001eb306410;Zm00001eb308980;Zm00001eb328120;Zm00001eb059230;Zm00001eb101090;Zm00001eb315420;Zm00001eb104400;Zm00001eb185890;Zm00001eb230070;Zm00001eb320800;Zm00001eb351780;Zm00001eb354740;Zm00001eb272890;Zm00001eb226930;Zm00001eb215830;Zm00001eb050040;Zm00001eb144910;Zm00001eb147840;Zm00001eb230560;Zm00001eb260710;Zm00001eb365810;Zm00001eb372200",0.0053994600539946,26,"9;7;12;3;10;21;15;18;6;11;5;17;19;25;13;26;22;14;2;4;20;24;16;1;8;23",0.000151968298336499,"+"
"100","PWY-5667","CDP-diacylglycerol biosynthesis I",29,"Zm00001eb005110;Zm00001eb025080;Zm00001eb048150;Zm00001eb056370;Zm00001eb063420;Zm00001eb115970;Zm00001eb127520;Zm00001eb136910;Zm00001eb147550;Zm00001eb159140;Zm00001eb173160;Zm00001eb224960;Zm00001eb289580;Zm00001eb323170;Zm00001eb347840;Zm00001eb351250;Zm00001eb358940;Zm00001eb396350;Zm00001eb102970;Zm00001eb115270;Zm00001eb151440;Zm00001eb166180;Zm00001eb220920;Zm00001eb292040;Zm00001eb098040;Zm00001eb152600;Zm00001eb201720;Zm00001eb208740;Zm00001eb370580",0.005999400059994,29,"13;15;12;3;1;5;11;26;2;29;10;7;8;25;22;4;28;20;16;18;21;19;17;6;27;9;24;14;23",0.000216848681830562,"+"
"223","PWY-922","mevalonate pathway I (eukaryotes and bacteria)",27,"Zm00001eb192570;Zm00001eb288110;Zm00001eb323510;Zm00001eb349410;Zm00001eb056620;Zm00001eb257840;Zm00001eb010900;Zm00001eb398490;Zm00001eb193770;Zm00001eb209270;Zm00001eb209470;Zm00001eb342830;Zm00001eb028260;Zm00001eb102030;Zm00001eb183790;Zm00001eb188880;Zm00001eb199950;Zm00001eb218380;Zm00001eb252590;Zm00001eb316960;Zm00001eb001340;Zm00001eb103070;Zm00001eb403920;Zm00001eb019210;Zm00001eb033060;Zm00001eb334430;Zm00001eb393330",0.0061993800619938,27,"26;8;19;6;22;20;9;16;18;4;10;24;23;3;25;17;11;14;27;12;1;21;5;13;2;15;7",0.000188526578006742,"+"
"242","PWYQT-4449","polyisoprenoid biosynthesis",5,"Zm00001eb107690;Zm00001eb325560;Zm00001eb342550;Zm00001eb361070;Zm00001eb297120",0.0063993600639936,2,"2;5",0.000595692649000058,"+"
"212","PWY-7980","ATP biosynthesis",29,"Zm00001eb008610;Zm00001eb068780;Zm00001eb095390;Zm00001eb105270;Zm00001eb105860;Zm00001eb106630;Zm00001eb111070;Zm00001eb119630;Zm00001eb156500;Zm00001eb157850;Zm00001eb161180;Zm00001eb161770;Zm00001eb188600;Zm00001eb194350;Zm00001eb206930;Zm00001eb233450;Zm00001eb295050;Zm00001eb303030;Zm00001eb322600;Zm00001eb323620;Zm00001eb330190;Zm00001eb343030;Zm00001eb349790;Zm00001eb357940;Zm00001eb359540;Zm00001eb387680;Zm00001eb394860;Zm00001eb400220;Zm00001eb414980",0.0067993200679932,29,"24;20;28;5;13;14;27;17;4;2;19;12;6;29;15;7;26;9;3;1;25;16;21;11;10;22;18;23;8",0.000227041180965084,"+"
"84","PWY-5136","fatty acid &beta;-oxidation II (plant peroxisome)",25,"Zm00001eb016980;Zm00001eb123620;Zm00001eb148110;Zm00001eb167230;Zm00001eb200160;Zm00001eb259720;Zm00001eb282120;Zm00001eb334170;Zm00001eb376020;Zm00001eb379490;Zm00001eb258950;Zm00001eb231150;Zm00001eb222320;Zm00001eb037560;Zm00001eb023080;Zm00001eb116970;Zm00001eb203470;Zm00001eb237380;Zm00001eb237390;Zm00001eb249240;Zm00001eb249250;Zm00001eb285730;Zm00001eb318240;Zm00001eb340720;Zm00001eb409740",0.0073992600739926,25,"1;6;22;18;19;4;5;24;14;17;7;13;8;12;15;23;10;21;11;16;2;9;25;3;20",0.000330201060499486,"+"
"183","PWY-7176","UTP and CTP <i>de novo</i> biosynthesis",13,"Zm00001eb084300;Zm00001eb193140;Zm00001eb256910;Zm00001eb268760;Zm00001eb362410;Zm00001eb418760;Zm00001eb137100;Zm00001eb158100;Zm00001eb162140;Zm00001eb296480;Zm00001eb344260;Zm00001eb358270;Zm00001eb359410",0.0073992600739926,8,"2;1;11;8;9;6;7;13",0.000462992292748546,"+"
"193","PWY-7208","superpathway of pyrimidine nucleobases salvage",8,"Zm00001eb036480;Zm00001eb102380;Zm00001eb139240;Zm00001eb210120;Zm00001eb229170;Zm00001eb241070;Zm00001eb289550;Zm00001eb412190",0.0073992600739926,5,"7;6;2;4;3",0.000653684621614427,"+"
"107","PWY-5872","ubiquinol-10 biosynthesis (late decarboxylation)",8,"Zm00001eb376720;Zm00001eb348180;Zm00001eb190740;Zm00001eb398140;Zm00001eb362110;Zm00001eb302180",0.008999100089991,6,"7;3;8;6;1;4",0.000528084288918343,"+"
"52","PWY-3821","D-galactose detoxification",9,"Zm00001eb016850;Zm00001eb042670;Zm00001eb309880;Zm00001eb319250;Zm00001eb301000;Zm00001eb272890;Zm00001eb226930;Zm00001eb215830;Zm00001eb063430",0.0093990600939906,7,"7;3;9;5;6;8;1",0.00099221044385828,"+"
"187","PWY-7196","superpathway of pyrimidine ribonucleosides salvage",8,"Zm00001eb036480;Zm00001eb102380;Zm00001eb139240;Zm00001eb210120;Zm00001eb229170;Zm00001eb241070;Zm00001eb289550;Zm00001eb412190",0.0093990600939906,5,"7;6;2;4;3",0.000653684621614427,"+"
"225","PWY0-166","superpathway of pyrimidine deoxyribonucleotides <i>de novo</i> biosynthesis (<i>E. coli</i>)",26,"Zm00001eb027080;Zm00001eb112740;Zm00001eb169580;Zm00001eb379830;Zm00001eb375490;Zm00001eb280680;Zm00001eb271680;Zm00001eb078510;Zm00001eb109870;Zm00001eb131070;Zm00001eb208950;Zm00001eb248420;Zm00001eb282480;Zm00001eb311360;Zm00001eb340590;Zm00001eb052270;Zm00001eb345550;Zm00001eb321790;Zm00001eb297860;Zm00001eb081910;Zm00001eb023820",0.0107989201079892,26,"16;13;17;22;3;1;6;4;8;10;2;11;9;7;14;5;19;24;15;18;23;20;25;12;21;26",0.000359299740396065,"+"
"249","UDPNACETYLGALSYN-PWY","UDP-<i>N</i>-acetyl-D-glucosamine biosynthesis II",22,"Zm00001eb121400;Zm00001eb153620;Zm00001eb154520;Zm00001eb283530;Zm00001eb353560;Zm00001eb059230;Zm00001eb101090;Zm00001eb315420;Zm00001eb010380;Zm00001eb018150;Zm00001eb070940;Zm00001eb085490;Zm00001eb188860;Zm00001eb413790;Zm00001eb430780;Zm00001eb272890;Zm00001eb226930;Zm00001eb215830;Zm00001eb119880;Zm00001eb189250;Zm00001eb163520;Zm00001eb405240",0.0115988401159884,22,"7;15;8;17;5;1;9;14;16;18;19;3;2;22;4;11;20;21;10;12;6;13",0.000507678350761318,"+"
"85","PWY-5138","fatty acid &beta;-oxidation IV (unsaturated, even number)",26,"Zm00001eb088630;Zm00001eb104070;Zm00001eb211510;Zm00001eb321160;Zm00001eb373290;Zm00001eb023080;Zm00001eb116970;Zm00001eb203470;Zm00001eb237380;Zm00001eb237390;Zm00001eb249240;Zm00001eb249250;Zm00001eb285730;Zm00001eb318240;Zm00001eb340720;Zm00001eb409740;Zm00001eb120380;Zm00001eb293360;Zm00001eb338180;Zm00001eb423650",0.0141985801419858,26,"13;22;9;20;4;10;21;15;25;8;19;24;18;3;26;6;14;12;7;17;23;1;16;2;11;5",0.000560410211515215,"+"
"147","PWY-6468","&omega;- hydroxylation of laurate",2,"Zm00001eb002760;Zm00001eb048540",0.015998400159984,1,"1",0.0044659027632975,"+"
"163","PWY-6717","(1,4)-&beta;-D-xylan degradation",23,"Zm00001eb075730;Zm00001eb090260;Zm00001eb100250;Zm00001eb125360;Zm00001eb165230;Zm00001eb199050;Zm00001eb199060;Zm00001eb255140;Zm00001eb314240;Zm00001eb327320;Zm00001eb339760;Zm00001eb388370;Zm00001eb431850;Zm00001eb007740;Zm00001eb010420;Zm00001eb125060;Zm00001eb125100;Zm00001eb217500;Zm00001eb241670;Zm00001eb306530;Zm00001eb400770;Zm00001eb400780;Zm00001eb420100",0.015998400159984,23,"14;4;9;17;12;15;2;5;11;7;6;3;18;19;16;21;22;20;23;8;13;1;10",0.000649240633315331,"+"
"62","PWY-4661","1D-<i>myo</i>-inositol hexakisphosphate biosynthesis III (<i>Spirodela polyrrhiza</i>)",21,"Zm00001eb056490;Zm00001eb008360;Zm00001eb027730;Zm00001eb223960;Zm00001eb276490;Zm00001eb283240;Zm00001eb283250;Zm00001eb378070;Zm00001eb401220;Zm00001eb024800;Zm00001eb025670;Zm00001eb055860;Zm00001eb095940;Zm00001eb240900;Zm00001eb277720;Zm00001eb283940;Zm00001eb321190;Zm00001eb373440;Zm00001eb399350;Zm00001eb067500;Zm00001eb432760",0.0167983201679832,21,"1;20;10;18;12;6;7;15;17;11;2;13;5;4;16;8;19;14;9;21;3",0.000625518463135693,"+"
"151","PWY-6520","nonaprenyl diphosphate biosynthesis II",1,"Zm00001eb297120",0.016998300169983,1,"1",0.0077785,"+"
"16","HISTSYN-PWY","L-histidine biosynthesis",12,"Zm00001eb316500;Zm00001eb332710;Zm00001eb020250;Zm00001eb287580;Zm00001eb011150;Zm00001eb081410;Zm00001eb070570;Zm00001eb252330;Zm00001eb333360;Zm00001eb059830",0.0175982401759824,8,"8;1;11;12;7;2;3;5",0.000990687263844111,"+"
"15","HEXPPSYN-PWY","hexaprenyl diphosphate biosynthesis",1,"Zm00001eb297120",0.0181981801819818,1,"1",0.0077785,"+"
"106","PWY-5863","superpathway of phylloquinol biosynthesis",8,"Zm00001eb107690;Zm00001eb186980;Zm00001eb250080;Zm00001eb297120;Zm00001eb325560;Zm00001eb333900;Zm00001eb342550;Zm00001eb361070",0.0183981601839816,2,"5;4",0.0016421926502446,"+"
"146","PWY-6465","&omega;-hydroxylation of caprate and laurate",2,"Zm00001eb002760;Zm00001eb048540",0.0183981601839816,1,"1",0.0044659027632975,"+"
"160","PWY-6606","guanosine nucleotides degradation II",16,"Zm00001eb021020;Zm00001eb096030;Zm00001eb361250;Zm00001eb333800;Zm00001eb313430;Zm00001eb302930;Zm00001eb218510;Zm00001eb155170;Zm00001eb059100;Zm00001eb063360;Zm00001eb095970;Zm00001eb096970;Zm00001eb171910;Zm00001eb299350;Zm00001eb304250;Zm00001eb304260",0.0187981201879812,10,"16;11;6;7;15;5;1;4;14;2",0.000830815446955559,"+"
"131","PWY-621","sucrose degradation III (sucrose invertase)",16,"Zm00001eb230860;Zm00001eb121400;Zm00001eb153620;Zm00001eb154520;Zm00001eb283530;Zm00001eb353560;Zm00001eb059230;Zm00001eb101090;Zm00001eb315420;Zm00001eb050040;Zm00001eb144910;Zm00001eb147840;Zm00001eb230560;Zm00001eb260710;Zm00001eb365810;Zm00001eb372200",0.0191980801919808,1,"1",0.00105971323688276,"+"
"196","PWY-7253","apigeninidin 5-<i>O</i>-glucoside biosynthesis",24,"Zm00001eb006790;Zm00001eb105610;Zm00001eb105630;Zm00001eb117550;Zm00001eb153990;Zm00001eb154000;Zm00001eb208590;Zm00001eb237550;Zm00001eb291330;Zm00001eb293440;Zm00001eb293450;Zm00001eb293460;Zm00001eb305310;Zm00001eb322190;Zm00001eb322210;Zm00001eb323960;Zm00001eb323970;Zm00001eb350960;Zm00001eb353640;Zm00001eb371290;Zm00001eb371300;Zm00001eb394980;Zm00001eb159020;Zm00001eb259680",0.0211978802119788,24,"6;10;5;18;14;15;19;11;12;8;23;2;3;13;9;20;7;4;16;22;1;24;17;21",0.000980369556016029,"+"
"43","PWY-2981","diterpene phytoalexins precursors biosynthesis",22,"Zm00001eb047160;Zm00001eb133200;Zm00001eb020060;Zm00001eb167060;Zm00001eb167130;Zm00001eb418340;Zm00001eb415420;Zm00001eb021200;Zm00001eb167120",0.0217978202179782,5,"5;9;13;17;21",0.000996963315735163,"+"
"113","PWY-5957","L-nicotianamine biosynthesis",9,"Zm00001eb014680;Zm00001eb014700;Zm00001eb052890;Zm00001eb218440;Zm00001eb396110;Zm00001eb396120;Zm00001eb396230;Zm00001eb396250;Zm00001eb396280",0.0227977202279772,5,"6;7;5;4;2",0.0016936988182061,"+"
"194","PWY-7219","adenosine ribonucleotides <i>de novo</i> biosynthesis",21,"Zm00001eb002420;Zm00001eb066750;Zm00001eb066760;Zm00001eb109850;Zm00001eb133450;Zm00001eb138610;Zm00001eb158850;Zm00001eb177670;Zm00001eb239710;Zm00001eb260410;Zm00001eb261190;Zm00001eb370400;Zm00001eb377150;Zm00001eb411760;Zm00001eb433400;Zm00001eb015040;Zm00001eb113520;Zm00001eb297360;Zm00001eb319880;Zm00001eb005660;Zm00001eb054000",0.0227977202279772,12,"12;6;1;4;15;21;10;8;19;16;11;18",0.00098796360751993,"+"
"60","PWY-4541","lipid-dependent phytate biosynthesis I (via Ins(1,4,5)P<sub>3</sub>)",22,"Zm00001eb049690;Zm00001eb076370;Zm00001eb221960;Zm00001eb242280;Zm00001eb277740;Zm00001eb277760;Zm00001eb283920;Zm00001eb287040;Zm00001eb337080;Zm00001eb396850;Zm00001eb067500;Zm00001eb432760",0.0235976402359764,17,"3;13;2;12;1;11;22;8;18;7;17;4;14;10;20;9;19",0.0010126685031515,"-"
"81","PWY-5122","geranyl diphosphate biosynthesis",2,"Zm00001eb107690;Zm00001eb325560",0.0243975602439756,1,"2",0.0066167183981775,"+"
"126","PWY-6124","inosine-5'-phosphate biosynthesis II",12,"Zm00001eb070920;Zm00001eb413740;Zm00001eb015040;Zm00001eb113520;Zm00001eb297360;Zm00001eb319880;Zm00001eb284720;Zm00001eb120570;Zm00001eb226100;Zm00001eb284760",0.028997100289971,8,"1;3;11;10;9;8;5;7",0.00188043481206302,"+"
"114","PWY-5973","<i>cis</i>-vaccenate biosynthesis",23,"Zm00001eb308620;Zm00001eb176310;Zm00001eb051650;Zm00001eb033580;Zm00001eb028240;Zm00001eb348600;Zm00001eb281830;Zm00001eb170970;Zm00001eb420880;Zm00001eb387330;Zm00001eb378920;Zm00001eb243890;Zm00001eb241560;Zm00001eb086000;Zm00001eb035040;Zm00001eb109290;Zm00001eb392890;Zm00001eb317680;Zm00001eb249670;Zm00001eb249640;Zm00001eb149570;Zm00001eb102360;Zm00001eb074540",0.0295970402959704,23,"19;2;20;14;16;8;22;12;10;13;4;23;9;7;15;21;6;3;1;11;5;18;17",0.00123097979946757,"+"
"134","PWY-6275","&beta;-caryophyllene biosynthesis",16,"Zm00001eb016730;Zm00001eb017120;Zm00001eb020070;Zm00001eb041770;Zm00001eb089360;Zm00001eb278400;Zm00001eb394330;Zm00001eb414190;Zm00001eb416710",0.0295970402959704,10,"15;2;9;4;11;3;10;16;7;14",0.00134033119762611,"+"
"190","PWY-7204","pyridoxal 5'-phosphate salvage II (plants)",22,"Zm00001eb012270;Zm00001eb037350;Zm00001eb054100;Zm00001eb063350;Zm00001eb239610;Zm00001eb328560;Zm00001eb342820;Zm00001eb362210;Zm00001eb397730;Zm00001eb077890;Zm00001eb096060;Zm00001eb117640;Zm00001eb220220;Zm00001eb135500;Zm00001eb001050;Zm00001eb027880;Zm00001eb123990;Zm00001eb244850",0.0313968603139686,22,"11;1;10;3;15;19;13;2;8;14;16;20;7;9;5;4;18;22;6;17;21;12",0.0012167242694429,"+"
"140","PWY-6363","D-<i>myo</i>-inositol (1,4,5)-trisphosphate degradation",6,"Zm00001eb073770;Zm00001eb102240;Zm00001eb241060;Zm00001eb289190;Zm00001eb294010;Zm00001eb317410",0.031996800319968,3,"3;4;1",0.00293816067645322,"+"
"174","PWY-6952","glycerophosphodiester degradation",21,"Zm00001eb419210;Zm00001eb034650;Zm00001eb036910;Zm00001eb050070;Zm00001eb085150;Zm00001eb167850;Zm00001eb183390;Zm00001eb199730;Zm00001eb206420;Zm00001eb234640;Zm00001eb241920;Zm00001eb245640;Zm00001eb246610;Zm00001eb326890;Zm00001eb327550;Zm00001eb335510;Zm00001eb335530;Zm00001eb335550;Zm00001eb360630;Zm00001eb370370;Zm00001eb424720",0.0321967803219678,21,"4;7;20;15;19;6;18;3;2;1;5;13;8;10;14;11;16;9;17;21;12",0.00137509920444196,"+"
"129","PWY-6163","chorismate biosynthesis from 3-dehydroquinate",8,"Zm00001eb137730;Zm00001eb410660;Zm00001eb069000;Zm00001eb194410;Zm00001eb254940;Zm00001eb378020;Zm00001eb011020;Zm00001eb398410",0.0357964203579642,5,"5;8;3;4;1",0.0027500058391753,"+"
"232","PWY4FS-10","scopolin biosynthesis",4,"Zm00001eb056990;Zm00001eb071200;Zm00001eb158880;Zm00001eb245870",0.0401959804019598,1,"1",0.00606455892585267,"+"
"77","PWY-5114","UDP-sugars interconversion",20,"Zm00001eb050080;Zm00001eb057810;Zm00001eb214560;Zm00001eb016850;Zm00001eb042670;Zm00001eb309880;Zm00001eb319250;Zm00001eb010710;Zm00001eb036220;Zm00001eb257590;Zm00001eb278370;Zm00001eb280450;Zm00001eb287360;Zm00001eb317540;Zm00001eb374410;Zm00001eb398580;Zm00001eb014110;Zm00001eb070550;Zm00001eb396490;Zm00001eb431050",0.0421957804219578,20,"1;17;6;8;14;11;10;13;4;19;16;2;12;5;9;20;15;7;18;3",0.00174235265839547,"+"
"241","PWYQT-4445","pyrimidine salvage pathway",18,"Zm00001eb036480;Zm00001eb102380;Zm00001eb139240;Zm00001eb210120;Zm00001eb229170;Zm00001eb241070;Zm00001eb289550;Zm00001eb412190;Zm00001eb039560;Zm00001eb176090;Zm00001eb240690;Zm00001eb361250;Zm00001eb333800;Zm00001eb313430;Zm00001eb302930;Zm00001eb218510;Zm00001eb155170;Zm00001eb059100",0.0423957604239576,8,"7;6;2;15;4;3;16;14",0.00201290169036978,"+"
"133","PWY-6237","nucleobase ascorbate transport I",3,"Zm00001eb021020;Zm00001eb053710",0.0431956804319568,3,"1;2;3",0.00913391627311788,"+"
"71","PWY-5060","luteolin biosynthesis",18,"Zm00001eb351260;Zm00001eb336520;Zm00001eb326950;Zm00001eb314130;Zm00001eb300490;Zm00001eb202620;Zm00001eb183680;Zm00001eb183650;Zm00001eb117370;Zm00001eb103310;Zm00001eb100220;Zm00001eb100210;Zm00001eb100200;Zm00001eb097920;Zm00001eb083440;Zm00001eb040240;Zm00001eb020100;Zm00001eb017640",0.0433956604339566,8,"6;10;2;4;5;7;8;9",0.00194012715204905,"+"
"246","THIOREDOX-PWY","thioredoxin pathway",21,"Zm00001eb004060;Zm00001eb038620;Zm00001eb064590;Zm00001eb077840;Zm00001eb085190;Zm00001eb105530;Zm00001eb131830;Zm00001eb175620;Zm00001eb201870;Zm00001eb210730;Zm00001eb240990;Zm00001eb241960;Zm00001eb247320;Zm00001eb248840;Zm00001eb252570;Zm00001eb281340;Zm00001eb300050;Zm00001eb329630;Zm00001eb360150;Zm00001eb389310;Zm00001eb424600",0.0451954804519548,21,"7;6;5;15;14;16;13;10;8;20;9;21;17;12;1;11;3;18;2;4;19",0.00215406859059041,"+"
"13","GLYSYN2-PWY","glycine biosynthesis",16,"Zm00001eb017590;Zm00001eb077630;Zm00001eb077640;Zm00001eb212490;Zm00001eb244740;Zm00001eb426650;Zm00001eb034260;Zm00001eb118240;Zm00001eb134940;Zm00001eb298440;Zm00001eb030210;Zm00001eb056550;Zm00001eb146170;Zm00001eb170020;Zm00001eb345190;Zm00001eb366470",0.0477952204779522,9,"7;14;11;16;5;12;10;9;13",0.00255902089166294,"+"
"226","PWY0A-6303","methyl indole-3-acetate interconversion",7,"Zm00001eb093910;Zm00001eb108850;Zm00001eb151170;Zm00001eb195460;Zm00001eb326940;Zm00001eb342270;Zm00001eb363470",0.048995100489951,7,"4;7;2;3;1;5;6",0.00461652519520219,"-"
"119","PWY-6019","pseudouridine degradation",3,"Zm00001eb346550;Zm00001eb016190;Zm00001eb251060",0.0521947805219478,3,"2;3;1",0.009772892072,"+"
"99","PWY-5486","pyruvate fermentation to ethanol II",14,"Zm00001eb351810;Zm00001eb336190;Zm00001eb331530;Zm00001eb303340;Zm00001eb013520;Zm00001eb258770;Zm00001eb185610;Zm00001eb168550;Zm00001eb056510;Zm00001eb054970;Zm00001eb026710;Zm00001eb026700;Zm00001eb006770;Zm00001eb006760",0.0531946805319468,8,"3;12;1;2;11;13;7;6",0.00345244247146616,"+"
"218","PWY-8159","dipyrromethane cofactor biosynthesis",6,"Zm00001eb207370;Zm00001eb233020",0.0535946405359464,3,"2;4;6",0.00526737181164974,"+"
"208","PWY-7560","methylerythritol phosphate pathway II",19,"Zm00001eb192570;Zm00001eb288110;Zm00001eb323510;Zm00001eb349410;Zm00001eb145390;Zm00001eb365960;Zm00001eb150630;Zm00001eb056240;Zm00001eb246530;Zm00001eb187250;Zm00001eb250670;Zm00001eb126690;Zm00001eb302370;Zm00001eb334370;Zm00001eb334380;Zm00001eb287860;Zm00001eb377300",0.054994500549945,19,"13;7;11;12;4;6;17;3;15;16;19;8;9;5;1;14;18;2;10",0.00251989302972,"+"
"192","PWY-7206","pyrimidine deoxyribonucleotides dephosphorylation",4,"Zm00001eb052270;Zm00001eb077570;Zm00001eb241110;Zm00001eb426620",0.0557944205579442,1,"1",0.0083688071924886,"+"
"237","PWY66-21","ethanol degradation II",14,"Zm00001eb014500;Zm00001eb061470;Zm00001eb242380;Zm00001eb311650;Zm00001eb396330;Zm00001eb258770;Zm00001eb185610;Zm00001eb168550;Zm00001eb056510;Zm00001eb054970;Zm00001eb026710;Zm00001eb026700;Zm00001eb006770;Zm00001eb006760",0.0591940805919408,8,"12;1;3;4;11;13;7;6",0.00345244247146616,"+"
"171","PWY-6922","L-<i>N<sup>&delta;</sup></i>-acetylornithine biosynthesis",12,"Zm00001eb289500;Zm00001eb347680;Zm00001eb367740;Zm00001eb022980;Zm00001eb391720;Zm00001eb050460;Zm00001eb004140;Zm00001eb403080;Zm00001eb418690",0.060993900609939,12,"9;3;6;11;10;7;8;12;2;5;1;4",0.00405649910296703,"+"
"221","PWY-8346","GABA shunt II",19,"Zm00001eb329710;Zm00001eb182460;Zm00001eb207050;Zm00001eb233300;Zm00001eb037690;Zm00001eb055490;Zm00001eb081550;Zm00001eb081600;Zm00001eb399220;Zm00001eb070860;Zm00001eb091810;Zm00001eb171190;Zm00001eb187830;Zm00001eb193020;Zm00001eb233590;Zm00001eb233600;Zm00001eb281980;Zm00001eb339140;Zm00001eb430840",0.0627937206279372,19,"17;4;19;12;14;9;2;18;1;13;11;10;6;15;16;8;7;3;5",0.00299536897779924,"+"
"167","PWY-6762","salicylate glucosides biosynthesis IV",5,"Zm00001eb056990;Zm00001eb071200;Zm00001eb158880;Zm00001eb245870;Zm00001eb419710",0.0633936606339366,1,"1",0.00757494322210894,"+"
"215","PWY-8105","queuosine biosynthesis II (queuine salvage)",2,"Zm00001eb026400;Zm00001eb313370",0.0641935806419358,1,"2",0.01581199609375,"+"
"200","PWY-7345","superpathway of anaerobic sucrose degradation",2,"Zm00001eb229430;Zm00001eb229440",0.066993300669933,1,"2",0.017843682556,"+"
"164","PWY-6724","starch degradation II",2,"Zm00001eb042540",0.0713928607139286,2,"1;2",0.0190771344,"+"
"204","PWY-7464","cyanidin 3,7-diglucoside polyacylation biosynthesis",12,"Zm00001eb081590;Zm00001eb096780;Zm00001eb098370;Zm00001eb225050;Zm00001eb306210;Zm00001eb423440",0.0771922807719228,12,"6;12;2;8;5;11;4;10;3;9;1;7",0.00498750371764295,"+"
"143","PWY-6440","spermine and spermidine degradation II",6,"Zm00001eb008280;Zm00001eb008300;Zm00001eb413630",0.0781921807819218,6,"1;4;2;5;3;6",0.00806530719598471,"-"
"203","PWY-7458","violdelphin biosynthesis",12,"Zm00001eb081590;Zm00001eb096780;Zm00001eb098370;Zm00001eb225050;Zm00001eb306210;Zm00001eb423440",0.0795920407959204,12,"6;12;2;8;5;11;4;10;3;9;1;7",0.00498750371764295,"+"
"191","PWY-7205","CMP phosphorylation",9,"Zm00001eb193140;Zm00001eb256910;Zm00001eb268760;Zm00001eb418760;Zm00001eb345550;Zm00001eb321790;Zm00001eb297860;Zm00001eb081910;Zm00001eb023820",0.0807919208079192,2,"1;5",0.00649103305541402,"+"
"42","PWY-2901","cytokinins 9-<i>N</i>-glucoside biosynthesis",6,"Zm00001eb304050",0.081991800819918,6,"1;2;3;4;5;6",0.0079835285494769,"-"
"185","PWY-7187","pyrimidine deoxyribonucleotides <i>de novo</i> biosynthesis II",11,"Zm00001eb027080;Zm00001eb112740;Zm00001eb169580;Zm00001eb109870;Zm00001eb131070;Zm00001eb208950;Zm00001eb248420;Zm00001eb282480;Zm00001eb311360;Zm00001eb340590;Zm00001eb052270",0.0821917808219178,2,"11;8",0.00611979825516482,"+"
"74","PWY-5084","2-oxoglutarate decarboxylation to succinyl-CoA",10,"Zm00001eb340900;Zm00001eb340590;Zm00001eb282480;Zm00001eb131070;Zm00001eb085130;Zm00001eb421290;Zm00001eb085340;Zm00001eb271700;Zm00001eb395670;Zm00001eb421170",0.0827917208279172,4,"3;6;8;9",0.00670376119994827,"+"
"11","GLUTAMATE-DEG1-PWY","L-glutamate degradation I",2,"Zm00001eb427810;Zm00001eb060520",0.086991300869913,2,"1;2",0.022787412025,"+"
"38","PWY-2541","phytosterol biosynthesis (plants)",15,"Zm00001eb015490;Zm00001eb291140;Zm00001eb352210;Zm00001eb405760;Zm00001eb170580;Zm00001eb163800;Zm00001eb159000;Zm00001eb335380;Zm00001eb125130;Zm00001eb002850;Zm00001eb126960;Zm00001eb334120;Zm00001eb265520",0.0871912808719128,15,"6;1;13;5;7;2;14;10;8;11;3;4;15;9;12",0.0053219410565274,"+"
"161","PWY-6607","guanosine nucleotides degradation I",8,"Zm00001eb021020;Zm00001eb361250;Zm00001eb333800;Zm00001eb313430;Zm00001eb302930;Zm00001eb218510;Zm00001eb155170;Zm00001eb059100",0.0871912808719128,5,"5;6;4;1;3",0.00794553219426723,"+"
"186","PWY-7193","pyrimidine ribonucleosides salvage I",12,"Zm00001eb036480;Zm00001eb102380;Zm00001eb135540;Zm00001eb139240;Zm00001eb210120;Zm00001eb229170;Zm00001eb241070;Zm00001eb252250;Zm00001eb420330;Zm00001eb420350;Zm00001eb155060;Zm00001eb361370",0.0875912408759124,5,"7;2;12;5;4",0.00634572433123006,"+"
"89","PWY-5172","acetyl-CoA biosynthesis from citrate",8,"Zm00001eb032740;Zm00001eb113120;Zm00001eb113130;Zm00001eb130080;Zm00001eb136880;Zm00001eb164780;Zm00001eb340370;Zm00001eb341320",0.090990900909909,8,"4;5;6;1;2;3;7;8",0.00853242400976661,"+"
"213","PWY-7985","oxalate degradation VI",12,"Zm00001eb045840;Zm00001eb365520;Zm00001eb017500;Zm00001eb155110;Zm00001eb336870;Zm00001eb381790;Zm00001eb053990;Zm00001eb109380;Zm00001eb208450;Zm00001eb222940;Zm00001eb358390;Zm00001eb382240",0.090990900909909,6,"10;8;6;12;2;7",0.00593002909037819,"+"
"220","PWY-82","UDP-&beta;-L-arabinose biosynthesis II (from &beta;-L-arabinose)",6,"Zm00001eb145120;Zm00001eb195690;Zm00001eb208110;Zm00001eb227090;Zm00001eb315700;Zm00001eb347750",0.090990900909909,6,"1;2;4;6;5;3",0.00998657891635482,"-"
"245","SULFMETII-PWY","assimilatory sulfate reduction II",9,"Zm00001eb105800;Zm00001eb322440;Zm00001eb292100;Zm00001eb049210;Zm00001eb056910;Zm00001eb089390;Zm00001eb215080;Zm00001eb363680;Zm00001eb402870",0.090990900909909,5,"9;6;1;3;7",0.00750218483002438,"+"
"236","PWY4FS-6","phosphatidylethanolamine biosynthesis II",12,"Zm00001eb230240;Zm00001eb278650;Zm00001eb093730;Zm00001eb195630;Zm00001eb414050;Zm00001eb027420;Zm00001eb100060;Zm00001eb154820;Zm00001eb207730;Zm00001eb293970;Zm00001eb313980;Zm00001eb337610",0.092990700929907,7,"4;3;9;7;2;5;1",0.00633753918854431,"+"
"240","PWYDQC-4","indole-3-acetate biosynthesis I",17,"Zm00001eb004710;Zm00001eb031030;Zm00001eb088950;Zm00001eb096820;Zm00001eb098150;Zm00001eb119530;Zm00001eb158550;Zm00001eb264510;Zm00001eb306140;Zm00001eb332870;Zm00001eb362000;Zm00001eb396380;Zm00001eb409250;Zm00001eb419450;Zm00001eb122460;Zm00001eb149140;Zm00001eb336900",0.0943905609439056,9,"11;13;12;5;4;8;2;9;17",0.00506372481883998,"+"
"127","PWY-6144","CMP-<i>N</i>-glycoloylneuraminate biosynthesis",2,"Zm00001eb077040;Zm00001eb106560",0.0961903809619038,1,"2",0.028976985975,"+"
"9","FASYN-ELONG-PWY","fatty acid elongation -- saturated",16,"Zm00001eb035040;Zm00001eb086000;Zm00001eb241560;Zm00001eb243890;Zm00001eb378920;Zm00001eb387330;Zm00001eb420880;Zm00001eb028240;Zm00001eb033580;Zm00001eb051650;Zm00001eb176310;Zm00001eb308620;Zm00001eb171040;Zm00001eb170970;Zm00001eb281830;Zm00001eb348600",0.0965903409659034,16,"11;2;13;14;4;6;3;9;7;15;1;16;10;12;5;8",0.00569609354961025,"+"
"230","PWY3O-4107","NAD salvage pathway V (PNC V cycle)",15,"Zm00001eb425070;Zm00001eb094700;Zm00001eb054500;Zm00001eb076800;Zm00001eb112520;Zm00001eb184080;Zm00001eb240060;Zm00001eb246580;Zm00001eb255310;Zm00001eb290380;Zm00001eb063870;Zm00001eb082870;Zm00001eb082880;Zm00001eb422480;Zm00001eb191530",0.0995900409959004,15,"14;7;9;4;8;11;6;3;15;13;5;1;10;2;12",0.00664735603764335,"+"
"68","PWY-5046","2-oxoisovalerate decarboxylation to isobutanoyl-CoA",15,"Zm00001eb340900;Zm00001eb340590;Zm00001eb282480;Zm00001eb131070;Zm00001eb130640;Zm00001eb203040;Zm00001eb109870;Zm00001eb117100;Zm00001eb208950;Zm00001eb248420;Zm00001eb311360;Zm00001eb409040",0.103189681031897,3,"3;12;5",0.00600138397080326,"+"
"233","PWY4FS-2","phosphatidylcholine biosynthesis II",15,"Zm00001eb230240;Zm00001eb278650;Zm00001eb386530;Zm00001eb025170;Zm00001eb172180;Zm00001eb233270;Zm00001eb415600;Zm00001eb045860;Zm00001eb148100;Zm00001eb149130;Zm00001eb155940;Zm00001eb221850;Zm00001eb294690;Zm00001eb341430;Zm00001eb360800",0.107589241075892,15,"6;5;13;3;2;1;10;14;15;8;7;11;12;9;4",0.00668996416449879,"+"
"24","NONOXIPENT-PWY","pentose phosphate pathway (non-oxidative branch) I",15,"Zm00001eb029080;Zm00001eb162780;Zm00001eb213570;Zm00001eb301210;Zm00001eb005330;Zm00001eb317710;Zm00001eb402390;Zm00001eb086870;Zm00001eb378030;Zm00001eb389880;Zm00001eb142730;Zm00001eb172680;Zm00001eb363880",0.110788921107889,15,"8;14;7;4;5;13;6;1;9;11;15;12;3;2;10",0.00710579786576275,"+"
"181","PWY-7101","5-deoxystrigol biosynthesis",7,"Zm00001eb153000;Zm00001eb074640;Zm00001eb114700;Zm00001eb260820;Zm00001eb381060;Zm00001eb417120;Zm00001eb422930",0.114388561143886,5,"7;4;2;3;6",0.0122454985661657,"+"
"175","PWY-6964","ammonia assimilation cycle II",14,"Zm00001eb329710;Zm00001eb009090;Zm00001eb046790;Zm00001eb054990;Zm00001eb056640;Zm00001eb059870;Zm00001eb162900;Zm00001eb190340;Zm00001eb253820;Zm00001eb320250;Zm00001eb390320;Zm00001eb398810;Zm00001eb399860;Zm00001eb432580",0.117788221177882,14,"8;14;7;11;12;1;4;10;9;5;13;2;3;6",0.00792981772288862,"+"
"45","PWY-3341","L-proline biosynthesis III (from L-ornithine)",2,"Zm00001eb141220;Zm00001eb050460",0.120987901209879,2,"2;1",0.0338228881,"+"
"46","PWY-3385","choline biosynthesis I",16,"Zm00001eb239700;Zm00001eb045860;Zm00001eb148100;Zm00001eb149130;Zm00001eb155940;Zm00001eb221850;Zm00001eb294690;Zm00001eb341430;Zm00001eb360800;Zm00001eb027420;Zm00001eb100060;Zm00001eb154820;Zm00001eb207730;Zm00001eb293970;Zm00001eb313980;Zm00001eb337610",0.121587841215878,13,"12;14;10;3;15;6;5;16;1;2;9;8;4",0.00763469731019152,"-"
"141","PWY-6367","D-<i>myo</i>-inositol-5-phosphate metabolism",7,"Zm00001eb013380;Zm00001eb111990;Zm00001eb174140;Zm00001eb229100;Zm00001eb394390;Zm00001eb039660;Zm00001eb215930",0.124187581241876,6,"1;6;7;3;4;2",0.0133884191299005,"-"
"206","PWY-7528","L-methionine salvage cycle I (bacteria and plants)",5,"Zm00001eb130870;Zm00001eb332180;Zm00001eb340450;Zm00001eb354640;Zm00001eb417370",0.130586941305869,1,"4",0.0169656801847102,"+"
"250","VALSYN-PWY","L-valine biosynthesis",9,"Zm00001eb112480;Zm00001eb184310;Zm00001eb241810;Zm00001eb246720;Zm00001eb154700;Zm00001eb158190;Zm00001eb344300;Zm00001eb039310;Zm00001eb175970",0.130786921307869,9,"7;1;4;2;9;8;6;3;5",0.0119643121301822,"+"
"25","OXIDATIVEPENT-PWY","pentose phosphate pathway (oxidative branch) I",12,"Zm00001eb019890;Zm00001eb079220;Zm00001eb246350;Zm00001eb395630;Zm00001eb419510;Zm00001eb141930;Zm00001eb169570;Zm00001eb268830;Zm00001eb020090;Zm00001eb040260;Zm00001eb103260;Zm00001eb326960",0.132986701329867,5,"12;6;5;7;10",0.00998900795924556,"+"
"98","PWY-5453","methylglyoxal degradation III",6,"Zm00001eb046850;Zm00001eb046870;Zm00001eb108670;Zm00001eb192490;Zm00001eb300950;Zm00001eb309910",0.13998600139986,2,"6;4",0.015894015128909,"+"
"87","PWY-5142","acyl-[acyl-carrier protein] thioesterase pathway",6,"Zm00001eb074540;Zm00001eb102360;Zm00001eb149570;Zm00001eb249640;Zm00001eb249670;Zm00001eb317680",0.145185481451855,2,"5;4",0.0180641808512171,"+"
"188","PWY-7197","pyrimidine deoxyribonucleotide phosphorylation",12,"Zm00001eb345550;Zm00001eb321790;Zm00001eb297860;Zm00001eb081910;Zm00001eb023820;Zm00001eb109870;Zm00001eb131070;Zm00001eb208950;Zm00001eb248420;Zm00001eb282480;Zm00001eb311360;Zm00001eb340590",0.152384761523848,2,"10;1",0.0115762020815906,"+"
"14","HEME-BIOSYNTHESIS-II","heme <i>b</i> biosynthesis I (aerobic)",9,"Zm00001eb097670;Zm00001eb224970;Zm00001eb229540;Zm00001eb244110;Zm00001eb078900;Zm00001eb129560;Zm00001eb332380;Zm00001eb160660;Zm00001eb360150",0.155584441555844,5,"1;3;4;8;5",0.0143292213964957,"+"
"6","CITRULLINE-DEG-PWY","L-citrulline degradation",14,"Zm00001eb160030;Zm00001eb188530;Zm00001eb252240;Zm00001eb356970;Zm00001eb001310;Zm00001eb001330;Zm00001eb126200;Zm00001eb188330;Zm00001eb216710;Zm00001eb252020;Zm00001eb255250;Zm00001eb257230;Zm00001eb403320;Zm00001eb419090",0.158384161583842,14,"14;4;2;8;11;12;10;1;9;5;13;6;3;7",0.0113314386612819,"+"
"82","PWY-5125","anthocyanin biosynthesis",13,"Zm00001eb148960;Zm00001eb166520;Zm00001eb202090;Zm00001eb229190;Zm00001eb265150;Zm00001eb281800;Zm00001eb287000;Zm00001eb368350;Zm00001eb107750;Zm00001eb196630;Zm00001eb240520;Zm00001eb322260;Zm00001eb374230",0.166183381661834,13,"2;6;11;4;1;13;12;7;10;9;5;8;3",0.0126252154015415,"+"
"132","PWY-6235","hydroxyjasmonate sulfate biosynthesis",2,"Zm00001eb122840;Zm00001eb187390",0.17038296170383,2,"1;2",0.051835905625,"+"
"166","PWY-6754","<i>S</i>-methyl-5'-thioadenosine degradation I",5,"Zm00001eb433310;Zm00001eb036610;Zm00001eb119280;Zm00001eb175180;Zm00001eb379090",0.174382561743826,1,"3",0.0236993379568073,"+"
"61","PWY-46","putrescine biosynthesis III",4,"Zm00001eb418690;Zm00001eb114090;Zm00001eb319850;Zm00001eb331690",0.178182181781822,1,"3",0.0287624600710758,"+"
"23","METHIONINE-DEG1-PWY","L-methionine degradation I (to L-homocysteine)",6,"Zm00001eb170040;Zm00001eb130870;Zm00001eb332180;Zm00001eb340450;Zm00001eb354640;Zm00001eb417370",0.17998200179982,1,"5",0.0203241186349271,"+"
"79","PWY-5116","sakuranetin biosynthesis",1,"Zm00001eb400190",0.184381561843816,1,"1",0.0882,"+"
"7","CYSTSYN-PWY","L-cysteine biosynthesis I",15,"Zm00001eb008720;Zm00001eb032380;Zm00001eb041360;Zm00001eb083230;Zm00001eb088500;Zm00001eb127210;Zm00001eb149880;Zm00001eb333980;Zm00001eb376790;Zm00001eb376890;Zm00001eb376900;Zm00001eb376970;Zm00001eb002740;Zm00001eb293180;Zm00001eb361640",0.184581541845815,15,"13;10;1;5;9;11;8;3;6;15;14;7;12;4;2",0.0124492085482557,"+"
"33","PWY-1422","vitamin E biosynthesis (tocopherols)",15,"Zm00001eb041500;Zm00001eb138830;Zm00001eb251860;Zm00001eb392270;Zm00001eb237270;Zm00001eb031790;Zm00001eb107520;Zm00001eb389370;Zm00001eb232960;Zm00001eb304950",0.188781121887811,15,"13;2;7;14;11;15;4;9;5;10;12;3;8;1;6",0.0128027887011173,"+"
"244","SERSYN-PWY","L-serine biosynthesis I",6,"Zm00001eb040890;Zm00001eb068270;Zm00001eb097200;Zm00001eb389520;Zm00001eb432330;Zm00001eb004390",0.198980101989801,4,"6;1;5;4",0.0242177777837234,"+"
"26","P401-PWY","cyanide degradation",1,"Zm00001eb088500",0.211378862113789,1,"1",0.099,"+"
"64","PWY-4984","urea cycle",13,"Zm00001eb418690;Zm00001eb396370;Zm00001eb411740;Zm00001eb001310;Zm00001eb001330;Zm00001eb126200;Zm00001eb188330;Zm00001eb216710;Zm00001eb252020;Zm00001eb255250;Zm00001eb257230;Zm00001eb403320;Zm00001eb419090",0.213978602139786,13,"13;7;10;11;9;8;1;2;4;12;5;3;6",0.0156050329981572,"+"
"182","PWY-7120","esterified suberin biosynthesis",4,"Zm00001eb027660;Zm00001eb146710;Zm00001eb223500;Zm00001eb366700",0.22997700229977,2,"4;2",0.0380317656380713,"+"
"210","PWY-7634","vernolate biosynthesis II",8,"Zm00001eb043620;Zm00001eb084190;Zm00001eb124640;Zm00001eb124650;Zm00001eb172950;Zm00001eb224350;Zm00001eb225160;Zm00001eb363650",0.246775322467753,1,"1",0.0250510666462103,"+"
"92","PWY-5337","stachyose biosynthesis",10,"Zm00001eb061880;Zm00001eb079430;Zm00001eb122980;Zm00001eb129390;Zm00001eb281720;Zm00001eb303190;Zm00001eb394620;Zm00001eb015130;Zm00001eb331150;Zm00001eb395600",0.250574942505749,10,"4;10;8;7;2;9;5;1;6;3",0.0236517858496981,"+"
"137","PWY-6333","acetaldehyde biosynthesis I",9,"Zm00001eb258770;Zm00001eb185610;Zm00001eb168550;Zm00001eb056510;Zm00001eb054970;Zm00001eb026710;Zm00001eb026700;Zm00001eb006770;Zm00001eb006760",0.251974802519748,5,"7;6;8;2;1",0.0246151586080654,"+"
"101","PWY-5669","phosphatidylserine and phosphatidylethanolamine biosynthesis I",13,"Zm00001eb011090;Zm00001eb141090;Zm00001eb362570;Zm00001eb016810;Zm00001eb103650;Zm00001eb125990;Zm00001eb254310;Zm00001eb294100;Zm00001eb295120;Zm00001eb335270;Zm00001eb343120;Zm00001eb367010;Zm00001eb371470",0.252974702529747,13,"7;8;4;1;12;11;3;2;13;9;5;10;6",0.0205916298022042,"+"
"53","PWY-3941","&beta;-alanine biosynthesis II",1,"Zm00001eb311650",0.267573242675732,1,"1",0.130245,"+"
"235","PWY4FS-4","phosphatidylcholine biosynthesis IV",8,"Zm00001eb045860;Zm00001eb148100;Zm00001eb149130;Zm00001eb155940;Zm00001eb221850;Zm00001eb294690;Zm00001eb341430;Zm00001eb360800",0.276772322767723,7,"2;5;4;1;8;7;3",0.0288756544055256,"-"
"205","PWY-7489","oryzalexin A, B, and C biosynthesis",2,"Zm00001eb084370",0.277372262773723,2,"1;2",0.0818417664,"-"
"130","PWY-6164","3-dehydroquinate biosynthesis I",10,"Zm00001eb018960;Zm00001eb040990;Zm00001eb109620;Zm00001eb164190;Zm00001eb199100;Zm00001eb218070;Zm00001eb284030;Zm00001eb367090;Zm00001eb103800;Zm00001eb331970",0.279172082791721,10,"10;6;4;1;2;9;8;3;5;7",0.0255576164523444,"+"
"231","PWY3O-450","phosphatidylcholine biosynthesis I",9,"Zm00001eb230240;Zm00001eb278650;Zm00001eb386530;Zm00001eb025170;Zm00001eb172180;Zm00001eb233270;Zm00001eb415600;Zm00001eb154820;Zm00001eb337610",0.287571242875712,5,"6;5;3;2;1",0.0275925256519061,"+"
"63","PWY-4861","UDP-&alpha;-D-galacturonate biosynthesis I (from UDP-D-glucuronate)",9,"Zm00001eb010710;Zm00001eb036220;Zm00001eb257590;Zm00001eb278370;Zm00001eb280450;Zm00001eb287360;Zm00001eb317540;Zm00001eb374410;Zm00001eb398580",0.29037096290371,5,"1;7;4;3;6",0.0302990067174338,"+"
"142","PWY-641","proanthocyanidins biosynthesis from flavanols",9,"Zm00001eb148960;Zm00001eb166520;Zm00001eb202090;Zm00001eb229190;Zm00001eb265150;Zm00001eb281800;Zm00001eb287000;Zm00001eb368350;Zm00001eb326840",0.3003699630037,4,"2;6;9;4",0.0289714890386162,"+"
"150","PWY-6502","8-oxo-(d)GTP detoxification I",1,"Zm00001eb434200",0.303769623037696,1,"1",0.156385,"+"
"41","PWY-2841","cytokinins degradation",3,"Zm00001eb205180;Zm00001eb151670",0.32036796320368,2,"1;3",0.0686926944886847,"+"
"1","ALACAT2-PWY","L-alanine degradation II (to D-lactate)",11,"Zm00001eb427810;Zm00001eb060520;Zm00001eb028030;Zm00001eb085390;Zm00001eb109370;Zm00001eb118240;Zm00001eb223670;Zm00001eb223680;Zm00001eb313780;Zm00001eb327530;Zm00001eb333090",0.322767723227677,11,"5;1;11;2;9;3;8;6;4;7;10",0.0300718208492834,"+"
"28","PHOSLIPSYN2-PWY","superpathway of phospholipid biosynthesis II (plants)",12,"Zm00001eb016810;Zm00001eb103650;Zm00001eb125990;Zm00001eb254310;Zm00001eb294100;Zm00001eb295120;Zm00001eb335270;Zm00001eb343120;Zm00001eb367010;Zm00001eb371470;Zm00001eb274200;Zm00001eb389940",0.328567143285671,12,"11;4;5;1;12;9;8;10;6;2;7;3",0.0277591919630144,"+"
"66","PWY-5034","gibberellin A<sub>12</sub> biosynthesis",12,"Zm00001eb012940;Zm00001eb397820;Zm00001eb385070;Zm00001eb385100",0.354764523547645,12,"2;4;6;1;3;5;8;10;12;7;9;11",0.0316105279876854,"+"
"195","PWY-7221","guanosine ribonucleotides <i>de novo</i> biosynthesis",7,"Zm00001eb410890;Zm00001eb434370;Zm00001eb057300;Zm00001eb059650;Zm00001eb088850;Zm00001eb191350;Zm00001eb213620",0.357964203579642,3,"4;1;3",0.0416978003693227,"+"
"229","PWY1F-823","leucopelargonidin and leucocyanidin biosynthesis",9,"Zm00001eb431510;Zm00001eb359030;Zm00001eb344520;Zm00001eb270500;Zm00001eb225320;Zm00001eb191320;Zm00001eb115330;Zm00001eb102000;Zm00001eb038160",0.367363263673633,9,"1;3;9;2;6;7;4;8;5",0.0377980629934497,"+"
"136","PWY-63","UDP-&beta;-L-arabinose biosynthesis I (from UDP-&alpha;-D-xylose)",4,"Zm00001eb014110;Zm00001eb070550;Zm00001eb396490;Zm00001eb431050",0.371362863713629,1,"1",0.0684929880075761,"+"
"8","DTDPRHAMSYN-PWY","dTDP-&beta;-L-rhamnose biosynthesis",9,"Zm00001eb054980;Zm00001eb159720;Zm00001eb216260;Zm00001eb274560;Zm00001eb306410;Zm00001eb308980;Zm00001eb328120;Zm00001eb250610",0.374762523747625,9,"7;3;6;5;2;4;1;8;9",0.041238948742465,"+"
"29","POLYAMINSYN3-PWY","superpathway of polyamine biosynthesis II",3,"Zm00001eb204260;Zm00001eb230230;Zm00001eb383120",0.378162183781622,2,"2;1",0.082320521607792,"+"
"189","PWY-7199","pyrimidine deoxyribonucleosides salvage",8,"Zm00001eb027080;Zm00001eb112740;Zm00001eb169580;Zm00001eb146250;Zm00001eb348750;Zm00001eb021070;Zm00001eb155060;Zm00001eb361370",0.398160183981602,8,"8;3;1;2;5;6;4;7",0.0461104249054571,"+"
"173","PWY-6950","DIMBOA-glucoside biosynthesis",7,"Zm00001eb116010;Zm00001eb121990;Zm00001eb373400;Zm00001eb410960;Zm00001eb413470;Zm00001eb169520;Zm00001eb170300",0.401159884011599,6,"2;1;7;6;4;3",0.0491225505938037,"-"
"177","PWY-702","L-methionine biosynthesis II",5,"Zm00001eb322650;Zm00001eb032290;Zm00001eb052750;Zm00001eb218320;Zm00001eb221530",0.414358564143586,1,"3",0.0646715303472562,"+"
"239","PWY66-423","fructose 2,6-bisphosphate biosynthesis",3,"Zm00001eb013550;Zm00001eb282250",0.41975802419758,2,"1;3",0.0930313615266883,"+"
"120","PWY-6030","serotonin and melatonin biosynthesis",9,"Zm00001eb166090;Zm00001eb173020;Zm00001eb416690;Zm00001eb416700;Zm00001eb290780;Zm00001eb284340;Zm00001eb040570;Zm00001eb405160;Zm00001eb405180",0.42015798420158,7,"3;1;4;2;9;6;7",0.0469162605194884,"-"
"35","PWY-1822","indole-3-acetate activation I",5,"Zm00001eb000290;Zm00001eb211100;Zm00001eb304520;Zm00001eb304530;Zm00001eb226030",0.424357564243576,2,"3;4",0.068906356708914,"+"
"234","PWY4FS-3","phosphatidylcholine biosynthesis III",9,"Zm00001eb184520;Zm00001eb045860;Zm00001eb148100;Zm00001eb149130;Zm00001eb155940;Zm00001eb221850;Zm00001eb294690;Zm00001eb341430;Zm00001eb360800",0.426957304269573,9,"7;1;4;8;9;2;5;6;3",0.0459066512894565,"+"
"224","PWY0-1264","biotin-carboxyl carrier protein assembly",6,"Zm00001eb064730;Zm00001eb086560;Zm00001eb223980;Zm00001eb419400;Zm00001eb428980;Zm00001eb232860",0.430956904309569,6,"6;4;3;5;2;1",0.0608105948443896,"+"
"70","PWY-5049","rosmarinic acid biosynthesis II",1,"Zm00001eb027920",0.435756424357564,1,"1",0.21617,"+"
"30","PROUT-PWY","L-proline degradation I",6,"Zm00001eb289500;Zm00001eb294160;Zm00001eb347680;Zm00001eb367740;Zm00001eb022980;Zm00001eb391720",0.441755824417558,6,"2;4;5;6;3;1",0.0636906516136161,"+"
"93","PWY-5340","sulfate activation for sulfonation",10,"Zm00001eb107420;Zm00001eb166390;Zm00001eb325100;Zm00001eb400760;Zm00001eb049210;Zm00001eb056910;Zm00001eb089390;Zm00001eb215080;Zm00001eb363680;Zm00001eb402870",0.443555644435556,10,"2;10;7;8;9;5;6;4;1;3",0.0476434275310939,"+"
"159","PWY-6599","guanine and guanosine salvage II",1,"Zm00001eb096030",0.460953904609539,1,"1",0.230375,"+"
"211","PWY-7683","nitrite reduction (hemoglobin)",2,"Zm00001eb293010",0.463953604639536,2,"1;2",0.145462146025,"-"
"116","PWY-5995","linoleate biosynthesis I (plants)",1,"Zm00001eb041150",0.483551644835516,1,"1",0.236385,"+"
"95","PWY-5350","thiosulfate disproportionation IV (rhodanese)",6,"Zm00001eb031400;Zm00001eb207410;Zm00001eb207830;Zm00001eb210000;Zm00001eb228330;Zm00001eb420080",0.487951204879512,6,"4;2;5;3;6;1",0.0695547520244086,"+"
"47","PWY-3462","L-phenylalanine biosynthesis II",10,"Zm00001eb084260;Zm00001eb096110;Zm00001eb217510;Zm00001eb322550;Zm00001eb397170;Zm00001eb404610;Zm00001eb421790;Zm00001eb179760;Zm00001eb311210;Zm00001eb370320",0.49035096490351,10,"5;6;10;9;7;2;3;8;1;4",0.055433762040538,"+"
"170","PWY-6890","4-amino-2-methyl-5-diphosphomethylpyrimidine biosynthesis I",1,"Zm00001eb051950",0.493150684931507,1,"1",0.24932,"+"
"27","PANTO-PWY","phosphopantothenate biosynthesis I",3,"Zm00001eb319630;Zm00001eb339000;Zm00001eb064670",0.502349765023498,2,"2;3",0.119898985750172,"+"
"2","ALANINE-SYN2-PWY","L-alanine biosynthesis II",9,"Zm00001eb028030;Zm00001eb085390;Zm00001eb109370;Zm00001eb118240;Zm00001eb223670;Zm00001eb223680;Zm00001eb313780;Zm00001eb327530;Zm00001eb333090",0.504349565043496,9,"3;9;7;1;6;4;2;5;8",0.0568666908988095,"+"
"128","PWY-6147","6-hydroxymethyl-dihydropterin diphosphate biosynthesis I",5,"Zm00001eb067370;Zm00001eb432940;Zm00001eb039720;Zm00001eb039830;Zm00001eb319990",0.516948305169483,4,"4;3;2;1",0.0864958486105808,"-"
"148","PWY-6483","ceramide degradation (generic)",6,"Zm00001eb043540;Zm00001eb135180;Zm00001eb172780;Zm00001eb324260;Zm00001eb367080;Zm00001eb427640",0.545345465453455,3,"1;2;6",0.0822641936399894,"+"
"78","PWY-5115","GDP-L-galactose biosynthesis",2,"Zm00001eb047980;Zm00001eb167750",0.563943605639436,2,"1;2",0.174093390025,"-"
"56","PWY-4041","&gamma;-glutamyl cycle",8,"Zm00001eb038750;Zm00001eb203890;Zm00001eb203900;Zm00001eb220190;Zm00001eb240870;Zm00001eb351560;Zm00001eb423540;Zm00001eb021240",0.56974302569743,8,"7;4;1;5;2;3;6;8",0.0730835134217181,"+"
"90","PWY-5268","salvianin biosynthesis",4,"Zm00001eb270530;Zm00001eb386000;Zm00001eb196550",0.58054194580542,2,"1;2",0.114276230166081,"+"
"207","PWY-7546","diphthamide biosynthesis II (eukaryotes)",7,"Zm00001eb017150;Zm00001eb426250;Zm00001eb064030;Zm00001eb258780;Zm00001eb274880;Zm00001eb389160;Zm00001eb258450",0.585341465853415,7,"6;4;1;3;2;7;5",0.0819762162384263,"+"
"125","PWY-6120","L-tyrosine biosynthesis III",5,"Zm00001eb227480;Zm00001eb227560;Zm00001eb179760;Zm00001eb311210;Zm00001eb370320",0.591740825917408,3,"2;1;5",0.0993058320067365,"+"
"86","PWY-5139","pelargonidin conjugates biosynthesis",4,"Zm00001eb270530;Zm00001eb386000;Zm00001eb196550",0.596140385961404,2,"1;2",0.114276230166081,"+"
"154","PWY-6543","4-aminobenzoate biosynthesis I",3,"Zm00001eb118930;Zm00001eb194920;Zm00001eb272970",0.602939706029397,2,"3;2",0.148968268240154,"+"
"216","PWY-8137","NADPH repair (eukaryotes)",2,"Zm00001eb168810;Zm00001eb027880",0.614138586141386,2,"1;2",0.1892946064,"-"
"228","PWY18C3-24","methylsalicylate degradation",2,"Zm00001eb151170;Zm00001eb342270",0.667933206679332,2,"1;2",0.21511044,"-"
"149","PWY-6498","eumelanin biosynthesis",2,"Zm00001eb195060;Zm00001eb226780",0.689131086891311,2,"2;1",0.2215396624,"-"
"117","PWY-6","GDP-L-fucose biosynthesis II (from L-fucose)",2,"Zm00001eb001000",0.697530246975302,2,"1;2",0.2235587524,"-"
"111","PWY-5934","iron reduction and absorption",6,"Zm00001eb052440;Zm00001eb217150;Zm00001eb217580;Zm00001eb318190;Zm00001eb352440;Zm00001eb081810",0.712928707129287,4,"6;5;3;2",0.118754345943033,"-"
"104","PWY-5733","germacrene biosynthesis",4,"Zm00001eb089110;Zm00001eb089360",0.723127687231277,2,"1;3",0.15238434508877,"+"
"227","PWY18C3-1","cholesterol biosynthesis (plants, early side-chain reductase)",2,"Zm00001eb335380;Zm00001eb125130",0.735326467353265,2,"2;1",0.2418967489,"-"
"59","PWY-4381","fatty acid biosynthesis initiation (type II)",6,"Zm00001eb068760;Zm00001eb086810;Zm00001eb388640;Zm00001eb431950;Zm00001eb013760;Zm00001eb396720",0.736326367363264,3,"6;2;3",0.119159286584202,"+"
"135","PWY-6291","valencene and 7-epi-&alpha;-selinene biosynthesis",2,"Zm00001eb040180;Zm00001eb123110",0.745125487451255,1,"2",0.2367182044,"+"
"157","PWY-6577","farnesylcysteine salvage pathway",4,"Zm00001eb194970;Zm00001eb368390;Zm00001eb433170;Zm00001eb434510",0.784521547845215,2,"1;4",0.168096514637182,"+"
"118","PWY-6012","acyl carrier protein metabolism",5,"Zm00001eb000710;Zm00001eb079300;Zm00001eb165220;Zm00001eb196200;Zm00001eb425140",0.802119788021198,4,"5;4;1;3",0.147370695893291,"-"
"34","PWY-1801","formaldehyde oxidation II (glutathione-dependent)",4,"Zm00001eb054970;Zm00001eb258770;Zm00001eb141600;Zm00001eb363240",0.802519748025197,1,"3",0.175239499405274,"+"
"180","PWY-7075","phenylethyl acetate biosynthesis",1,"Zm00001eb089190",0.812318768123188,1,"1",0.41013,"-"
"65","PWY-5027","phylloquinol biosynthesis",7,"Zm00001eb323980;Zm00001eb373110;Zm00001eb426240;Zm00001eb006830;Zm00001eb091660;Zm00001eb129540;Zm00001eb391950",0.816918308169183,7,"2;4;5;6;7;3;1",0.130064793561406,"+"
"3","ASPARTATE-DEG1-PWY","L-aspartate degradation I",4,"Zm00001eb146400;Zm00001eb152450;Zm00001eb238900;Zm00001eb348660",0.867713228677132,3,"1;3;4",0.19775032441066,"-"
"54","PWY-3982","uracil degradation I (reductive)",5,"Zm00001eb321550;Zm00001eb150370;Zm00001eb206970;Zm00001eb253890;Zm00001eb409720",0.86951304869513,4,"5;4;3;1",0.170212635095343,"-"
"4","ASPARTATESYN-PWY","L-aspartate biosynthesis",4,"Zm00001eb146400;Zm00001eb152450;Zm00001eb238900;Zm00001eb348660",0.873312668733127,3,"1;3;4",0.19775032441066,"-"
"247","THRESYN-PWY","superpathway of L-threonine biosynthesis",4,"Zm00001eb146400;Zm00001eb152450;Zm00001eb238900;Zm00001eb348660",0.884111588841116,3,"1;3;4",0.19775032441066,"-"
"44","PWY-3001","superpathway of L-isoleucine biosynthesis I",4,"Zm00001eb146400;Zm00001eb152450;Zm00001eb238900;Zm00001eb348660",0.886511348865114,3,"1;3;4",0.19775032441066,"-"
"162","PWY-6613","tetrahydrofolate salvage from 5,10-methenyltetrahydrofolate",4,"Zm00001eb082710;Zm00001eb098250;Zm00001eb208240;Zm00001eb354230",0.90950904909509,4,"2;1;3;4",0.200352770573948,"+"
"209","PWY-7590","(7Z,10Z,13Z)-hexadecatrienoate biosynthesis",3,"Zm00001eb013340;Zm00001eb111980;Zm00001eb397050",0.911108889111089,3,"3;1;2",0.243069928405814,"+"
"97","PWY-5434","(3<i>E</i>)-4,8-dimethylnona-1,3,7-triene biosynthesis I",4,"Zm00001eb208380;Zm00001eb208400;Zm00001eb230410;Zm00001eb230440",0.921507849215078,3,"3;1;2",0.211135070549175,"-"
"76","PWY-5107","phytol salvage pathway",1,"Zm00001eb066790",0.925107489251075,1,"1",0.461595,"-"
"108","PWY-5886","3-(4-hydroxyphenyl)pyruvate biosynthesis",4,"Zm00001eb122460;Zm00001eb149140;Zm00001eb165890;Zm00001eb336900",0.934306569343066,2,"3;4",0.211721841054532,"+"
"219","PWY-8171","molybdenum cofactor biosynthesis",6,"Zm00001eb047140;Zm00001eb164720;Zm00001eb305190;Zm00001eb395250;Zm00001eb067470;Zm00001eb432770",0.93970602939706,6,"1;2;5;4;6;3",0.173303411852056,"+"
"178","PWY-7029","terminal olefins biosynthesis II",1,"Zm00001eb394300",0.943105689431057,1,"1",0.462775,"-"
"91","PWY-5326","sulfite oxidation IV (sulfite oxidase)",2,"Zm00001eb036560;Zm00001eb129230",1,2,"1;2",0.357897080025,"+"
"103","PWY-5704","urea degradation II",2,"Zm00001eb118150;Zm00001eb372290",1,1,"2",0.3924109296,"+"
"110","PWY-5925","hydroxylated mugineic acid phytosiderophore biosynthesis",3,"Zm00001eb137930;Zm00001eb191220;Zm00001eb310440",1,2,"1;3",0.351452886749744,"-"
"112","PWY-5947","lutein biosynthesis",2,"Zm00001eb207080;Zm00001eb258960",1,1,"2",0.361255383775,"+"
"122","PWY-6066","IAA biosynthesis VII",3,"Zm00001eb111400;Zm00001eb294750;Zm00001eb305490",1,1,"2",0.318063254392,"+"
"165","PWY-6745","phytochelatins biosynthesis",4,"Zm00001eb080950;Zm00001eb245090;Zm00001eb335970;Zm00001eb338260",1,3,"3;1;4",0.257528391693067,"-"
"197","PWY-7280","ternatin C3 biosynthesis",2,"Zm00001eb081590;Zm00001eb096780",1,1,"2",0.3596959639,"+"
"199","PWY-7344","UDP-&alpha;-D-galactose biosynthesis",4,"Zm00001eb016850;Zm00001eb042670;Zm00001eb309880;Zm00001eb319250",1,4,"3;1;2;4",0.240649270579226,"+"
"55","PWY-4","UDP-&alpha;-D-galacturonate biosynthesis II (from D-galacturonate)",0,NA,NA,NA,NA,NA,NA
"96","PWY-5377","&alpha;-amyrin biosynthesis",0,NA,NA,NA,NA,NA,NA
"105","PWY-5793","maysin biosynthesis",0,NA,NA,NA,NA,NA,NA
"123","PWY-6068","indican biosynthesis",0,NA,NA,NA,NA,NA,NA
"124","PWY-6069","indigo biosynthesis",0,NA,NA,NA,NA,NA,NA
