"pathway_id","pathway_name","n_genes","acat_p","fisher_p","tfisher_p_analytic","tau_hat","tfisher_stat_hat","minp_p_analytic","stouffer_p_analytic","magma_pvalue","omni_p_analytic","omni_p_analytic_BH","omni_p_global","omni_p_global_BH","omni_p_mvn","omni_p_mvn_BH","omni_p_final","omni_p_final_BH"
"FLYCYC:PWY-8052","2-arachidonoylglycerol biosynthesis",4,0.000877456879863591,0.00936893066747098,0.000877280342067799,0.001,3.03599770423464,0.000876311881762918,0.0906072382587117,NA,0.00437388691012186,0.413368404850775,0.0025997400259974,0.444080591940806,NA,NA,0.0025997400259974,0.444080591940806
"FLYCYC:PWY-3502","superpathway of NAD biosynthesis in eukaryotes",12,0.0402627489837849,0.00123260226163548,0.00250517063664679,0.1,16.7996844207069,0.0366058795370856,0.0251278972928112,NA,0.00614783694031373,0.413368404850775,0.0057994200579942,0.444080591940806,NA,NA,0.0057994200579942,0.444080591940806
"FLYCYC:PROUT-PWY","L-proline degradation I",7,0.0915250549651289,0.00694906870405864,0.123988469953361,0.1,3.88327044712005,0.352781748503269,0.0015873024722405,NA,0.00791135703063683,0.413368404850775,0.0065993400659934,0.444080591940806,NA,NA,0.0065993400659934,0.444080591940806
"FLYCYC:PWY-8373","erythritol biosynthesis II",24,0.0656256697775432,0.00493585035428335,0.0905220334794742,0.005,0.476615903667965,0.0903923760848851,0.00107695186205292,NA,0.00537317354116862,0.413368404850775,0.0084991500849915,0.444080591940806,NA,NA,0.0084991500849915,0.444080591940806
"FLYCYC:PWY66-399","gluconeogenesis III",24,0.154878048922803,0.00259131107848791,0.011855949750186,0.1,17.9753912565261,0.457873294102556,0.014194050568113,NA,0.0128895802398212,0.538784454024527,0.0148985101489851,0.47468110331824,NA,NA,0.0148985101489851,0.47468110331824
"FLYCYC:PWY66-388","ceramide degradation by α-oxidation",11,0.0934864250325937,0.00325465564997308,0.0146858906061684,0.1,11.5129604447133,0.31745674730043,0.0181870384393216,NA,0.0161676946138196,0.563174695714717,0.014998500149985,0.47468110331824,NA,NA,0.014998500149985,0.47468110331824
"FLYCYC:PWY-8398","α-linolenate metabolites biosynthesis",3,0.0116320187959179,0.0265120384941078,0.00928437482038935,0.005,0.95420150872874,0.00927984590945524,0.241899759349803,NA,0.0455460285250563,0.822268235211723,0.0230976902309769,0.47468110331824,NA,NA,0.0230976902309769,0.47468110331824
"FLYCYC:MANNOSYL-CHITO-DOLICHOL-BIOSYNTHESIS","protein N-glycosylation initial phase (eukaryotic)",16,0.118645044707557,0.0050404838286836,0.028013294996285,0.1,11.9592131660475,0.426234007096485,0.0110971090031544,NA,0.02494963175633,0.651809129634122,0.0246975302469753,0.47468110331824,NA,NA,0.0246975302469753,0.47468110331824
"FLYCYC:PWY-6368","3-phosphoinositide degradation",38,0.0496261364145386,0.0055534915722348,0.00475259675030926,0.1,26.6215335158317,0.109270959565226,0.0202301556219948,NA,0.0235381829217444,0.651809129634122,0.0265973402659734,0.47468110331824,NA,NA,0.0265973402659734,0.47468110331824
"FLYCYC:PWY-5994","palmitate biosynthesis I (type I fatty acid synthase)",4,0.012783908554466,0.0252096241026604,0.0124270357831103,0.005,0.943786827528406,0.0124181485767015,0.102873840953401,NA,0.0605676702121728,0.822268235211723,0.0276972302769723,0.47468110331824,NA,NA,0.0276972302769723,0.47468110331824
"FLYCYC:ARGSPECAT-PWY","spermine biosynthesis",4,0.0121162944107767,0.0149775812913605,0.0123629744455116,0.005,0.95420150872874,0.0123539514755828,0.0173214288390726,NA,0.059131105930947,0.822268235211723,0.02999700029997,0.47468110331824,NA,NA,0.02999700029997,0.47468110331824
"FLYCYC:PWY-6566","chondroitin biosynthesis",3,0.0489470460909678,0.0255343128324742,0.056657796284802,0.02,0.0760268843964323,0.0566569882277991,0.0148777007436812,NA,0.0722077308753525,0.822268235211723,0.0306969303069693,0.47468110331824,NA,NA,0.0306969303069693,0.47468110331824
"FLYCYC:PWY-6756","S-methyl-5'-thioadenosine degradation II",12,0.0275094539916443,0.00962138428227502,0.028388574946083,0.005,1.48223935821808,0.0282229988165001,0.0135268034758027,NA,0.0471900749068295,0.822268235211723,0.0306969303069693,0.47468110331824,NA,NA,0.0306969303069693,0.47468110331824
"FLYCYC:PWY-8399","icosapentaenoate metabolites biosynthesis",4,0.0123232154187363,0.0301029759368273,0.0123629744455116,0.005,0.95420150872874,0.0123539514755828,0.0540392502244557,NA,0.0601160599223479,0.822268235211723,0.0317968203179682,0.47468110331824,NA,NA,0.0317968203179682,0.47468110331824
"FLYCYC:PWY-8396","di-homo-γ-linolenate metabolites biosynthesis",5,0.0157358807680104,0.0681624542858255,0.015433498819626,0.005,0.95420150872874,0.0154185183995492,0.172455525343232,NA,0.0747516577465203,0.822268235211723,0.0356964303569643,0.497370262973703,NA,NA,0.0356964303569643,0.497370262973703
"FLYCYC:VALDEG-PWY","L-valine degradation I",5,0.0153762277328473,0.0327175551067072,0.015433498819626,0.005,0.95420150872874,0.0154185183995492,0.0947050924935368,NA,0.0745529300049513,0.822268235211723,0.0402959704029597,0.516596340365963,NA,NA,0.0402959704029597,0.516596340365963
"FLYCYC:PWY3O-4106","NAD salvage pathway IV (from nicotinamide riboside)",15,0.253381941214835,0.10302241053414,1,0.1,0,0.890158667318778,0.0138814647054402,NA,0.0675069366590915,0.822268235211723,0.0451954804519548,0.516596340365963,NA,NA,0.0451954804519548,0.516596340365963
"FLYCYC:PWY-922","mevalonate pathway I (eukaryotes and bacteria)",19,0.112666321761098,0.0152852484327702,0.0116762607337069,0.1,15.9142461105659,0.233627977799306,0.102392579378701,NA,0.0570337791397278,0.822268235211723,0.0483951604839516,0.516596340365963,NA,NA,0.0483951604839516,0.516596340365963
"FLYCYC:ASPARAGINE-DEG1-PWY","L-asparagine degradation I",8,0.045163082556888,0.185883922696566,0.0182027189180887,0.1,9.35288646161966,0.0662009175583421,0.64821855606288,NA,0.0877599706036131,0.873420659816911,0.0487951204879512,0.516596340365963,NA,NA,0.0487951204879512,0.516596340365963
"FLYCYC:PWY-5697","allantoin degradation to ureidoglycolate I (urea producing)",3,0.0237408036430584,0.0979580028461838,0.0220339660718842,0.01,0.603237476381308,0.0220248932767365,0.336380919735124,NA,0.105379177597263,0.99968,0.0508949105089491,0.516596340365963,NA,NA,0.0508949105089491,0.516596340365963
"FLYCYC:PWY-7839","lacto-series glycosphingolipids biosynthesis",10,0.115417874800716,0.0315962622829683,0.130064675498072,0.1,4.96695126125234,0.225166003698952,0.0175235697535638,NA,0.0846004345632231,0.873420659816911,0.0550944905509449,0.516596340365963,NA,NA,0.0550944905509449,0.516596340365963
"FLYCYC:PWY-5453","methylglyoxal degradation III",27,0.140590864792035,0.03481542463872,0.203426300592704,0.1,8.68045737833527,0.240997595959495,0.0126621606985713,NA,0.061727673435687,0.822268235211723,0.0582941705829417,0.516596340365963,NA,NA,0.0582941705829417,0.516596340365963
"FLYCYC:PWY-7416","phospholipid remodeling (phosphatidylcholine, yeast)",6,0.104116386661607,0.0387643255255451,0.113337324819306,0.1,3.6564137213234,0.236138786733776,0.0240991686431,NA,0.114826426307246,0.99968,0.0582941705829417,0.516596340365963,NA,NA,0.0582941705829417,0.516596340365963
"FLYCYC:PWY0-1587","N6-L-threonylcarbamoyladenosine37-modified tRNA biosynthesis",2,0.0897542011565002,0.0484275221605764,0.144063195357433,0.1,0.584049643771836,0.143773644375,0.0301370838910672,NA,0.141872599730432,0.99968,0.0614938506149385,0.516596340365963,NA,NA,0.0614938506149385,0.516596340365963
"FLYCYC:ANAGLYCOLYSIS-PWY","glycolysis III (from glucose)",2,0.0698550516081235,0.0467202251259813,0.0826917566049252,0.05,0.338115818321936,0.082663218271,0.0328116688700469,NA,0.153639783112069,0.99968,0.0617938206179382,0.516596340365963,NA,NA,0.0617938206179382,0.516596340365963
"FLYCYC:PWY-2301","myo-inositol biosynthesis",8,0.12962524936011,0.0607050204150316,0.148350947235785,0.1,3.82064470516151,0.330752721117746,0.0312449076539619,NA,0.146762386856326,0.99968,0.0796920307969203,0.640601324482936,NA,NA,0.0796920307969203,0.640601324482936
"FLYCYC:PWY-5109","propanoate fermentation to 2-methylbutanoate",3,0.0497793592436459,0.135327982751357,0.0411916457459857,0.02,0.726679926115035,0.0411434757314536,0.36602802795966,NA,0.189471783817415,0.99968,0.0854914508549145,0.661767156617672,NA,NA,0.0854914508549145,0.661767156617672
"FLYCYC:PWY-6362","1D-myo-inositol hexakisphosphate biosynthesis II (mammalian)",13,0.0495202954036138,0.0679387204242584,0.0361128960027297,0.1,9.92236496361181,0.0599946310235075,0.0864694521953261,NA,0.167985588110883,0.99968,0.101289871012899,0.748001061962769,NA,NA,0.101289871012899,0.748001061962769
"FLYCYC:PWY-5659","GDP-mannose biosynthesis",3,0.0820894144116378,0.166844225062349,0.0546299768900386,0.02,0.15041715519551,0.0546269653307382,0.439707704570206,NA,0.244879861454818,0.99968,0.103789621037896,0.748001061962769,NA,NA,0.103789621037896,0.748001061962769
"FLYCYC:PWY-8138","polyphosphate metabolism",2,0.0712055417454209,0.0833285273592647,0.0723527360359038,0.05,0.612235269214932,0.072274655775,0.0857173813133214,NA,0.308808995503849,0.99968,0.11978802119788,0.793249841682498,NA,NA,0.11978802119788,0.793249841682498
"FLYCYC:PWY-841","superpathway of purine nucleotides de novo biosynthesis I",2,0.0827547229986166,0.107489106108505,0.0810786882892562,0.05,0.378547333613189,0.081043861116,0.124383843563777,NA,0.344649075252551,0.99968,0.12978702129787,0.793249841682498,NA,NA,0.12978702129787,0.793249841682498
"FLYCYC:PWY-5910","superpathway of geranylgeranyldiphosphate biosynthesis I (via mevalonate)",7,0.0779304616633909,0.113240530184903,0.0534562139562643,0.1,6.06022774569578,0.0933803428029212,0.19223837565286,NA,0.240192556770512,0.99968,0.12988701129887,0.793249841682498,NA,NA,0.12988701129887,0.793249841682498
"FLYCYC:UDPNACETYLGALSYN-PWY","UDP-N-acetyl-D-glucosamine biosynthesis II",4,0.067901787809095,0.122084375032294,0.064894667069474,0.02,0.369529076890189,0.0648637636272903,0.206066725770964,NA,0.284887399010642,0.99968,0.132086791320868,0.793249841682498,NA,NA,0.132086791320868,0.793249841682498
"FLYCYC:THREONINE-DEG2-PWY","L-threonine degradation II",2,0.119165375737938,0.163613665537523,0.0893090509595947,0.05,0.18011201435171,0.089300058364,0.312571155529779,NA,0.373564236657501,0.99968,0.137486251374863,0.793249841682498,NA,NA,0.137486251374863,0.793249841682498
"FLYCYC:PWY-5921","glutaminyl-tRNAgln biosynthesis via transamidation",3,0.143226438327103,0.10364001883653,0.256702979662959,0.1,0.120860223481992,0.26314002965205,0.0759692521156846,NA,0.326353411378487,0.99968,0.14038596140386,0.793249841682498,NA,NA,0.14038596140386,0.793249841682498
"FLYCYC:PWY-7619","juniperonate biosynthesis",2,0.0961987995567466,0.112406194360756,0.0971218801731789,0.05,0.00797588255572145,0.097121860399,0.113699838620932,NA,0.396934382001194,0.99968,0.148485151484852,0.793249841682498,NA,NA,0.148485151484852,0.793249841682498
"FLYCYC:PWY-7803","tRNA splicing II",10,0.180572319244172,0.113909488179465,0.0619260436161017,0.1,7.07599180982075,0.0961658858792018,0.339063454504352,NA,0.27358401170932,0.99968,0.153884611538846,0.793249841682498,NA,NA,0.153884611538846,0.793249841682498
"FLYCYC:PWY-7942","5-oxo-L-proline metabolism",3,0.195728380182879,0.160042979079973,1,0.1,0,0.298186758389637,0.0952441497691703,NA,0.393742673677349,0.99968,0.15988401159884,0.793249841682498,NA,NA,0.15988401159884,0.793249841682498
"FLYCYC:PWY-5920","superpathway of heme b biosynthesis from glycine",6,0.0831507503311678,0.225122957054733,0.071673749809204,0.02,0.979433321111511,0.0713193395336903,0.466617013951835,NA,0.309232322403883,0.99968,0.164883511648835,0.793249841682498,NA,NA,0.164883511648835,0.793249841682498
"FLYCYC:PWY-5871","ubiquinol-9 biosynthesis (late decarboxylation)",4,0.0879191529620325,0.146063958781425,0.0880313539596633,0.05,1.61039336873714,0.086447272788772,0.160060320329118,NA,0.363690961582979,0.99968,0.165983401659834,0.793249841682498,NA,NA,0.165983401659834,0.793249841682498
"FLYCYC:PYRUVDEHYD-PWY","pyruvate decarboxylation to acetyl CoA I",6,0.140435733863826,0.525971293709605,0.0802708178798925,0.02,0.741113127239951,0.0800346006184808,0.809453575724853,NA,0.341042405675332,0.99968,0.181281871812819,0.793249841682498,NA,NA,0.181281871812819,0.793249841682498
"FLYCYC:PWY0-1296","purine ribonucleosides degradation",2,0.16527847688597,0.20614454438515,0.131962231658898,0.1,0.769090915711322,0.131517658224,0.294275611185452,NA,0.505911252371171,0.99968,0.193180681931807,0.793249841682498,NA,NA,0.193180681931807,0.793249841682498
"FLYCYC:ARG-PRO-PWY","L-arginine degradation VI (arginase 2 pathway)",5,0.202210389645864,0.186578627315571,0.100927219743122,0.1,3.43590718745901,0.146687926603189,0.463341603239198,NA,0.412545483342283,0.99968,0.198480151984802,0.793249841682498,NA,NA,0.198480151984802,0.793249841682498
"FLYCYC:PWY-7228","superpathway of guanosine nucleotides de novo biosynthesis I",7,0.0939864772374053,0.151728722083366,0.0987464233538098,0.02,0.615089403096065,0.0985036920886734,0.148979712894204,NA,0.389517246923937,0.99968,0.201779822017798,0.793249841682498,NA,NA,0.201779822017798,0.793249841682498
"FLYCYC:LIPAS-PWY","triacylglycerol degradation",12,0.0962806084853469,0.262571260909447,0.0820683701441739,0.01,0.68777129635424,0.0818405865078454,0.366217565688178,NA,0.347485065536233,0.99968,0.204779522047795,0.793249841682498,NA,NA,0.204779522047795,0.793249841682498
"FLYCYC:PWY-5872","ubiquinone-10 biosynthesis (late decarboxylation)",5,0.110383036687173,0.21341850689776,0.10942046604576,0.05,1.61039336873714,0.106865176241943,0.214063774300428,NA,0.431690239117755,0.99968,0.208079192080792,0.793249841682498,NA,NA,0.208079192080792,0.793249841682498
"FLYCYC:ILEUDEG-PWY","L-isoleucine degradation I",7,0.113542242219477,0.270198843835038,0.0936959799149046,0.02,0.726679926115035,0.0933803428029212,0.391784674770538,NA,0.387472409534872,0.99968,0.208679132086791,0.793249841682498,NA,NA,0.208679132086791,0.793249841682498
"FLYCYC:GLYSYN-ALA-PWY","glycine biosynthesis III",2,0.224731722481384,0.201339234446879,1,0.1,0,0.3916935964,0.14246224857555,NA,0.536268880998009,0.99968,0.21017898210179,0.793249841682498,NA,NA,0.21017898210179,0.793249841682498
"FLYCYC:PWY-5031","L-histidine degradation V",14,0.276530703304697,0.246544661028188,0.670124489244916,0.1,0.593604659702523,0.668321806189513,0.0864167056428375,NA,0.363584501100234,0.99968,0.21957804219578,0.793249841682498,NA,NA,0.21957804219578,0.793249841682498
"FLYCYC:PWY3DJ-11281","sphingomyelin metabolism",7,0.182903113016319,0.648530767797563,0.104938662708427,0.02,0.485799859359775,0.104774289098741,0.839908180675407,NA,0.425006767462895,0.99968,0.220677932206779,0.793249841682498,NA,NA,0.220677932206779,0.793249841682498
"FLYCYC:PWY66-162","ethanol degradation IV",5,0.250035539349429,0.236073432356178,0.398898625427686,0.1,0.0655216464869654,0.3988609502845,0.122447147653989,NA,0.479565101829548,0.99968,0.225777422257774,0.793249841682498,NA,NA,0.225777422257774,0.793249841682498
"FLYCYC:PWY-5046","2-oxoisovalerate decarboxylation to isobutanoyl-CoA",3,0.153810898400203,0.172800109843902,0.169182713650935,0.1,1.04876757672968,0.167272311996006,0.141559221282065,NA,0.533822080624478,0.99968,0.231276872312769,0.793249841682498,NA,NA,0.231276872312769,0.793249841682498
"FLYCYC:PWY-7176","UTP and CTP de novo biosynthesis",3,0.143123381763298,0.162891664811336,0.150492349053397,0.1,1.30873774589175,0.147966595919512,0.16134686019092,NA,0.53805373337538,0.99968,0.231776822317768,0.793249841682498,NA,NA,0.231776822317768,0.793249841682498
"FLYCYC:FAO-PWY","fatty acid β-oxidation I (generic)",8,0.120252947710128,0.221164363036982,0.106402659335552,0.02,0.726679926115035,0.105988702375561,0.374132672851873,NA,0.428896219483685,0.99968,0.232776722327767,0.793249841682498,NA,NA,0.232776722327767,0.793249841682498
"FLYCYC:PWY-6367","D-myo-inositol-5-phosphate metabolism",2,0.233963845877531,0.21381090939356,1,0.1,0,0.4056669351,0.152387990380269,NA,0.5624924947994,0.99968,0.232876712328767,0.793249841682498,NA,NA,0.232876712328767,0.793249841682498
"FLYCYC:PWY-6111","mitochondrial L-carnitine shuttle",6,0.676921515730602,0.119001010316571,0.230710521316721,0.05,0.31527349822418,0.230397309303978,0.162369233307951,NA,0.469265827128956,0.99968,0.233376662333767,0.793249841682498,NA,NA,0.233376662333767,0.793249841682498
"FLYCYC:PWY-8137","NADPH repair (eukaryotes)",2,0.911723547250829,0.285705759227712,0.16094098009586,0.1,0.350326477591286,0.160819419376,0.640254646119246,NA,0.58382390897617,0.99968,0.238476152384762,0.793249841682498,NA,NA,0.238476152384762,0.793249841682498
"FLYCYC:PWY-7798","protein S-nitrosylation and denitrosylation",2,0.202382681239004,0.237486635999807,0.171602411973497,0.1,0.214969985969499,0.171552343519,0.283510144565301,NA,0.609765763543688,0.99968,0.241475852414759,0.793249841682498,NA,NA,0.241475852414759,0.793249841682498
"FLYCYC:GLNSYN-PWY","L-glutamine biosynthesis I",6,0.129143442754381,0.128581943270426,0.140696143142653,0.05,1.44029691212578,0.13740482256231,0.116295426223599,NA,0.461066085824856,0.99968,0.243375662433757,0.793249841682498,NA,NA,0.243375662433757,0.793249841682498
"FLYCYC:PWY-6569","superpathway of chondroitin sulfate biosynthesis",8,0.124117217177887,0.115378498481152,0.144049011385754,0.02,0.0760268843964323,0.144042179607687,0.137794718601984,NA,0.458264301043316,0.99968,0.243675632436756,0.793249841682498,NA,NA,0.243675632436756,0.793249841682498
"FLYCYC:PWY-7433","mucin core 1 and core 2 O-glycosylation",6,0.13027828409838,0.190039732219784,0.137287517142144,0.05,1.49596717293156,0.133855242545718,0.190011629253298,NA,0.502375710979254,0.99968,0.246875312468753,0.793249841682498,NA,NA,0.246875312468753,0.793249841682498
"FLYCYC:PWY-5148","acyl-CoA hydrolysis",5,0.13307385254358,0.174349426006569,0.146447715074277,0.05,0.964929899994064,0.145079221514385,0.155174350309028,NA,0.510322093507446,0.99968,0.247675232476752,0.793249841682498,NA,NA,0.247675232476752,0.793249841682498
"FLYCYC:PWY0-1305","L-glutamate degradation IX (via 4-aminobutanoate)",9,0.145491769443648,0.478681895583693,0.116356161035064,0.02,0.774415583674666,0.115779082054725,0.619626503627721,NA,0.459489762853601,0.99968,0.248375162483752,0.793249841682498,NA,NA,0.248375162483752,0.793249841682498
"FLYCYC:PWY-4983","nitric oxide biosynthesis II (mammals)",4,0.183160740054952,0.166322838175304,0.279087630334787,0.1,0.491690147469224,0.304730345833735,0.148316501631232,NA,0.551883264314687,0.99968,0.252174782521748,0.793249841682498,NA,NA,0.252174782521748,0.793249841682498
"FLYCYC:PWY-7227","adenosine deoxyribonucleotides de novo biosynthesis I",2,0.203523180867666,0.238507829304017,0.171602411973497,0.1,0.214969985969499,0.171552343519,0.28637621169339,NA,0.609765763543688,0.99968,0.254874512548745,0.793249841682498,NA,NA,0.254874512548745,0.793249841682498
"FLYCYC:PWY-7224","purine deoxyribonucleosides salvage",2,0.197078366853084,0.205557017320978,1,0.1,0,0.2157834864,0.175450375957362,NA,0.618860473576974,0.99968,0.257874212578742,0.793249841682498,NA,NA,0.257874212578742,0.793249841682498
"FLYCYC:PWY-6608","guanosine nucleotides degradation III",3,0.265957147772292,0.254179058872715,1,0.1,0,0.452997750324313,0.159314257480939,NA,0.580078210372981,0.99968,0.260573942605739,0.793249841682498,NA,NA,0.260573942605739,0.793249841682498
"FLYCYC:PWY-4101","D-sorbitol degradation I",9,0.122279985954251,0.179958479695612,0.118945231231005,0.02,0.726679926115035,0.118421717491624,0.268050416061731,NA,0.467518633940465,0.99968,0.261573842615738,0.793249841682498,NA,NA,0.261573842615738,0.793249841682498
"FLYCYC:PWY-6481","L-dopa and L-dopachrome biosynthesis",2,0.206356934931412,0.23818656147735,0.188159875969748,0.1,0.0205451655414808,0.188159355516,0.255765152204916,NA,0.647341828387711,0.99968,0.264973502649735,0.793249841682498,NA,NA,0.264973502649735,0.793249841682498
"FLYCYC:PWY-6619","adenine and adenosine salvage VI",9,0.130591423940516,0.13324446922311,0.129676163312474,0.02,0.539291419931365,0.129351987181601,0.188807658648842,NA,0.499720087075219,0.99968,0.268073192680732,0.793249841682498,NA,NA,0.268073192680732,0.793249841682498
"FLYCYC:ASPARAGINE-DEG1-PWY-1","L-asparagine degradation III (mammalian)",5,0.269472728368855,0.286258126020304,0.405239160085886,0.1,0.0261704790973112,0.405233012091444,0.153425745110241,NA,0.565164207129372,0.99968,0.272972702729727,0.793249841682498,NA,NA,0.272972702729727,0.793249841682498
"FLYCYC:PWY-5123","trans, trans-farnesyl diphosphate biosynthesis",6,0.165996065459036,0.194141989426518,0.18659345842209,0.05,0.798628129247316,0.185096842207667,0.149404441751503,NA,0.554738082095822,0.99968,0.273272672732727,0.793249841682498,NA,NA,0.273272672732727,0.793249841682498
"FLYCYC:PWY-7409","phospholipid remodeling (phosphatidylethanolamine, yeast)",16,0.165414920626906,0.560898999212198,0.113042887065328,0.01,0.589413374777491,0.112729992334649,0.563520666552167,NA,0.450105967525471,0.99968,0.278872112788721,0.798414679080037,NA,NA,0.278872112788721,0.798414679080037
"FLYCYC:HEME-BIOSYNTHESIS-II","heme b biosynthesis I (aerobic)",3,0.811392661558001,0.3629354658761,0.184203387358763,0.1,0.859720529885772,0.182756975402216,0.622771520916338,NA,0.63545083131989,0.99968,0.29017098290171,0.819536965222397,NA,NA,0.29017098290171,0.819536965222397
"FLYCYC:PWY-6857","retinol biosynthesis",4,0.287361087153252,0.189654622917572,1,0.1,0,0.460055756885926,0.177836890288565,NA,0.624344345056389,0.99968,0.294170582941706,0.819755357797554,NA,NA,0.294170582941706,0.819755357797554
"FLYCYC:PWY-7388","octanoyl-[acyl-carrier protein] biosynthesis (mitochondria, yeast)",17,0.17241786036534,0.186563163649767,0.219747237882084,0.02,0.659787842522181,0.218261271794033,0.123554360801147,NA,0.482840005001924,0.99968,0.301269873012699,0.828492150784922,NA,NA,0.301269873012699,0.828492150784922
"FLYCYC:PWY3DJ-11470","sphingosine and sphingosine-1-phosphate metabolism",2,0.298634523388755,0.309116876760917,1,0.1,0,0.4186852464,0.237204628027944,NA,0.74175004937167,0.99968,0.317868213178682,0.862785150056423,NA,NA,0.317868213178682,0.862785150056423
"FLYCYC:LIPASYN-PWY","phospholipases",2,0.242933345639715,0.266283380671337,1,0.1,0,0.2439871399,0.249037587881818,NA,0.751302975817313,0.99968,0.333666633336666,0.864785686379816,NA,NA,0.333666633336666,0.864785686379816
"FLYCYC:PWY-6952","glycerophosphodiester degradation",9,0.296011395217911,0.291195264781833,0.181406263325425,0.1,3.63815161666108,0.269254310488666,0.44265152974217,NA,0.632428283007725,0.99968,0.347065293470653,0.864785686379816,NA,NA,0.347065293470653,0.864785686379816
"FLYCYC:PWY-6557","glycosaminoglycan-protein linkage region biosynthesis",4,0.306865889430068,0.329427209542387,1,0.1,0,0.438837863401025,0.226442195572837,NA,0.723010146606708,0.99968,0.356264373562644,0.864785686379816,NA,NA,0.356264373562644,0.864785686379816
"FLYCYC:TRIGLSYN-PWY","diacylglycerol and triacylglycerol biosynthesis",2,0.42655273993807,0.37302229368079,1,0.1,0,0.2703765276,0.459089237434198,NA,0.793226925539592,0.99968,0.357264273572643,0.864785686379816,NA,NA,0.357264273572643,0.864785686379816
"FLYCYC:PWY-8043","ophthalmate biosynthesis",2,0.334578813797617,0.358234886688555,1,0.1,0,0.4911175104,0.277134722842211,NA,0.802627419361443,0.99968,0.35966403359664,0.864785686379816,NA,NA,0.35966403359664,0.864785686379816
"FLYCYC:PWY-4261","glycerol degradation I",11,0.173760707236627,0.237933221855429,0.215072529847528,0.05,1.80132695197691,0.202095260836628,0.203410023436372,NA,0.614939276467845,0.99968,0.363363663633637,0.864785686379816,NA,NA,0.363363663633637,0.864785686379816
"FLYCYC:PWY-7919","protein N-glycosylation processing phase (plants and animals)",2,0.335495918560208,0.359220343512997,1,0.1,0,0.50269296,0.27700921200831,NA,0.802456011203475,0.99968,0.364163583641636,0.864785686379816,NA,NA,0.364163583641636,0.864785686379816
"FLYCYC:PWY6666-1","anandamide degradation",4,0.832651138409414,0.448139703404949,0.228755030149802,0.1,0.958395532171358,0.225636823718396,0.669823192450488,NA,0.721565233095976,0.99968,0.366163383661634,0.864785686379816,NA,NA,0.366163383661634,0.864785686379816
"FLYCYC:LEU-DEG2-PWY","L-leucine degradation I",12,0.172391079279918,0.217613743162536,0.190450684372556,0.02,0.274505186852753,0.190278854979041,0.174977176350014,NA,0.611737169589966,0.99968,0.372262773722628,0.864785686379816,NA,NA,0.372262773722628,0.864785686379816
"FLYCYC:PWY-6363","D-myo-inositol (1,4,5)-trisphosphate degradation",6,0.230101476857519,0.275884870768333,0.30702783954205,0.1,1.10819707199891,0.298865229422407,0.220792501276655,NA,0.712746309720368,0.99968,0.372462753724628,0.864785686379816,NA,NA,0.372462753724628,0.864785686379816
"FLYCYC:PWY-7229","superpathway of adenosine nucleotides de novo biosynthesis I (from IMP and L-aspartate)",15,0.606217054524748,0.605013404312179,0.168337762749937,0.1,5.89101338493895,0.189471783817416,0.816564752038986,NA,0.60213575591717,0.99968,0.372962703729627,0.864785686379816,NA,NA,0.372962703729627,0.864785686379816
"FLYCYC:PWY-7197","pyrimidine deoxyribonucleotide phosphorylation",3,0.32565793230684,0.348220411652792,0.251900259209339,0.1,0.162962483735766,0.251819448182859,0.388451310503546,NA,0.765559804506881,0.99968,0.38036196380362,0.864785686379816,NA,NA,0.38036196380362,0.864785686379816
"FLYCYC:PWY-7411","phosphatidate biosynthesis (yeast)",2,0.348133099643112,0.377039130434411,1,0.1,0,0.5536290279,0.290856022275163,NA,0.820662093630198,0.99968,0.385261473852615,0.864785686379816,NA,NA,0.385261473852615,0.864785686379816
"FLYCYC:PWY-6012-1","acyl carrier protein activation",5,0.24785857685959,0.281362154164461,0.248325874143561,0.1,1.24031395146514,0.241515260220357,0.320450700412682,NA,0.748965022434505,0.99968,0.38956104389561,0.864785686379816,NA,NA,0.38956104389561,0.864785686379816
"FLYCYC:PWY-7424","sterol:steryl ester interconversion (yeast)",5,0.244572994491763,0.373241336770987,0.245506751960565,0.1,1.26843622606132,0.238500472004155,0.315346885362034,NA,0.743936196314437,0.99968,0.391160883911609,0.864785686379816,NA,NA,0.391160883911609,0.864785686379816
"FLYCYC:PWY-6938","NADH repair (eukaryotes)",7,0.902777177320337,0.3200168274379,0.225655511983235,0.1,2.295784111547,0.236442635145299,0.66508789473658,NA,0.721598829809198,0.99968,0.394360563943606,0.864785686379816,NA,NA,0.394360563943606,0.864785686379816
"FLYCYC:PWY-7049","icosapentaenoate biosynthesis II (6-desaturase, mammals)",2,0.359320105452526,0.393412708222395,1,0.1,0,0.5862294375,0.305208780361932,NA,0.838090770049619,0.99968,0.395960403959604,0.864785686379816,NA,NA,0.395960403959604,0.864785686379816
"FLYCYC:DETOX1-PWY","superoxide radicals degradation",3,0.893890134033161,0.48393098104083,0.267838708178961,0.1,0.0261704790973112,0.267836434803,0.730747185040372,NA,0.789602504413748,0.99968,0.396760323967603,0.864785686379816,NA,NA,0.396760323967603,0.864785686379816
"FLYCYC:PWY-6313","serotonin degradation",2,0.427006288147576,0.400949530330833,1,0.1,0,0.3107347516,0.45075071194982,NA,0.844427828670211,0.99968,0.3997600239976,0.864785686379816,NA,NA,0.3997600239976,0.864785686379816
"FLYCYC:PWY6666-2","dopamine degradation",2,0.427006288147576,0.400949530330833,1,0.1,0,0.3107347516,0.45075071194982,NA,0.844427828670211,0.99968,0.401359864013599,0.864785686379816,NA,NA,0.401359864013599,0.864785686379816
"FLYCYC:PWY-5941","glycogen degradation II",5,0.310506452947103,0.374092516017748,0.406153507367054,0.1,0.0205451655414808,0.406149706060282,0.254380720874931,NA,0.769545260500759,0.99968,0.405759424057594,0.865344077837114,NA,NA,0.405759424057594,0.865344077837114
"FLYCYC:PWY-8341","N1-methyl-N3-aminocarboxypropyl-pseudouridine-modified rRNA biosynthesis",3,0.534310234526328,0.473570529452699,1,0.1,0,0.286250007955968,0.582895625446639,NA,0.814761787265361,0.99968,0.410858914108589,0.867368818673688,NA,NA,0.410858914108589,0.867368818673688
"FLYCYC:ARGININE-SYN4-PWY","L-ornithine biosynthesis II",2,0.364794477497522,0.383453690646309,1,0.1,0,0.3303523776,0.380612679271101,NA,0.865342156221792,0.99968,0.422257774222578,0.874434125214929,NA,NA,0.422257774222578,0.874434125214929
"FLYCYC:PWY-6074","zymosterol biosynthesis",2,0.3416466977952,0.370630755982585,1,0.1,0,0.3674342844,0.328158608561031,NA,0.863121958110473,0.99968,0.422957704229577,0.874434125214929,NA,NA,0.422957704229577,0.874434125214929
"FLYCYC:PWY-7922","protein O-mannosylation II (mammals, core M1 and core M2)",14,0.273474751383155,0.251371621702883,0.428483069617683,0.1,2.33346533577432,0.505445733921099,0.200979996410494,NA,0.674322121456587,0.99968,0.426757324267573,0.874434125214929,NA,NA,0.426757324267573,0.874434125214929
"FLYCYC:PWY-8105","queuosine biosynthesis II (queuine salvage)",2,0.9152172369613,0.481783509576471,1,0.1,0,0.3317427991,0.737099994779479,NA,0.866734345587641,0.99968,0.436656334366563,0.885150468004047,NA,NA,0.436656334366563,0.885150468004047
"FLYCYC:PWY-8182","valproate β-oxidation",17,0.268045367220711,0.295101932948321,0.213592034570281,0.02,0.726679926115035,0.211859055697163,0.268899485503898,NA,0.695897878788908,0.99968,0.443355664433557,0.885150468004047,NA,NA,0.443355664433557,0.885150468004047
"FLYCYC:PWY66-366","flavin salvage",6,0.525973652844004,0.271171860606844,1,0.1,0,0.482470270171709,0.289273919670751,NA,0.794351446061196,0.99968,0.45025497450255,0.885150468004047,NA,NA,0.45025497450255,0.885150468004047
"FLYCYC:PWY-7783","plasmalogen degradation",11,0.676484089821771,0.242848757575165,0.428960336996446,0.1,1.61360007591409,0.528315112890144,0.453575191996294,NA,0.751164008519794,0.99968,0.454154584541546,0.885150468004047,NA,NA,0.454154584541546,0.885150468004047
"FLYCYC:PWY-6898","thiamine diphosphate salvage III",17,0.236155730982957,0.561247180569033,0.219474656874489,0.02,0.662710700483502,0.217978071066927,0.475600453959386,NA,0.707521021591113,0.99968,0.459154084591541,0.885150468004047,NA,NA,0.459154084591541,0.885150468004047
"FLYCYC:PWY-6575","juvenile hormone III biosynthesis I",4,0.376307133448654,0.458007145653029,1,0.1,0,0.563657101023433,0.31080318011311,NA,0.84450503739986,0.99968,0.460553944605539,0.885150468004047,NA,NA,0.460553944605539,0.885150468004047
"FLYCYC:PWY-7250","[2Fe-2S] iron-sulfur cluster biosynthesis (mitochondria)",6,0.927433553126788,0.433207053690114,0.29115555963533,0.1,1.24604856225695,0.281609995311667,0.713968434822145,NA,0.808661922613183,0.99968,0.463053694630537,0.885150468004047,NA,NA,0.463053694630537,0.885150468004047
"FLYCYC:PLPSAL-PWY","pyridoxal 5'-phosphate salvage I",4,0.401811462249601,0.501416773741265,1,0.1,0,0.711225998992044,0.3247907697468,NA,0.859656645527642,0.99968,0.476752324767523,0.885150468004047,NA,NA,0.476752324767523,0.885150468004047
"FLYCYC:PWY0-1301","melibiose degradation",4,0.527314304107413,0.567484239556146,0.327719299340848,0.1,0.113627534710038,0.327646077423028,0.626510370948375,NA,0.862599056581565,0.99968,0.478352164783522,0.885150468004047,NA,NA,0.478352164783522,0.885150468004047
"FLYCYC:PWY-5120","geranylgeranyl diphosphate biosynthesis",4,0.372823388832349,0.325628074301768,1,0.1,0,0.346811143599,0.382647433560369,NA,0.860524665728385,0.99968,0.478452154784522,0.885150468004047,NA,NA,0.478452154784522,0.885150468004047
"FLYCYC:TYRFUMCAT-PWY","L-tyrosine degradation I",6,0.434556838385081,0.325257376365658,0.464932955461751,0.1,0.0205451655414808,0.464927820453848,0.302641662334125,NA,0.835077469947953,0.99968,0.484751524847515,0.885150468004047,NA,NA,0.484751524847515,0.885150468004047
"FLYCYC:PWY-5514","UDP-N-acetyl-D-galactosamine biosynthesis II",4,0.509419968619576,0.532369965415636,0.340917300567506,0.1,0.0205451655414808,0.340914767963803,0.582850040710698,NA,0.875632213995077,0.99968,0.487051294870513,0.885150468004047,NA,NA,0.487051294870513,0.885150468004047
"FLYCYC:GLYCINE-SYN2-PWY","glycine biosynthesis II",2,0.411885525615519,0.465025352305607,1,0.1,0,0.5333880519,0.385250731309314,NA,0.912200891965654,0.99968,0.487251274872513,0.885150468004047,NA,NA,0.487251274872513,0.885150468004047
"FLYCYC:PWY-8400","docosahexaenoate metabolites biosynthesis",4,0.386660421199008,0.465638809887706,1,0.1,0,0.535918007017452,0.34182039707213,NA,0.876484319161098,0.99968,0.494350564943506,0.885150468004047,NA,NA,0.494350564943506,0.885150468004047
"FLYCYC:GLUTAMATE-DEG1-PWY","L-glutamate degradation I",9,0.848830072882917,0.554495080728617,0.294870767528986,0.05,0.559163272835826,0.293083917552991,0.690804966262522,NA,0.823461549589197,0.99968,0.495550444955504,0.885150468004047,NA,NA,0.495550444955504,0.885150468004047
"FLYCYC:PWY-7185","UTP and CTP dephosphorylation I",9,0.815301640647333,0.406376214608917,0.294870767528986,0.05,0.559163272835826,0.293083917552991,0.506785680959783,NA,0.823461549589197,0.99968,0.4997500249975,0.885150468004047,NA,NA,0.4997500249975,0.885150468004047
"FLYCYC:PWY-7574","propanoyl-CoA degradation II",4,0.529214460565757,0.586525466397678,1,0.1,0,0.364530727977944,0.620690579437428,NA,0.896373035696953,0.99968,0.516548345165483,0.891478312486212,NA,NA,0.516548345165483,0.891478312486212
"FLYCYC:PWY-1801","formaldehyde oxidation II (glutathione-dependent)",7,0.322707848226823,0.381872087370436,0.39395575939851,0.1,0.780946780283577,0.432752580807485,0.374164368853758,NA,0.857478555337854,0.99968,0.521747825217478,0.891478312486212,NA,NA,0.521747825217478,0.891478312486212
"FLYCYC:PWY-6829","tRNA methylation (yeast)",3,0.833313381894819,0.401200214005747,1,0.1,0,0.433651752095744,0.543500977657916,NA,0.923014633384125,0.99968,0.524947505249475,0.891478312486212,NA,NA,0.524947505249475,0.891478312486212
"FLYCYC:PWY-8145","cytochrome c biogenesis (system III type)",12,0.760259329196337,0.422634632801454,0.302355793366737,0.1,3.03411398016396,0.421541860389156,0.497033499406149,NA,0.834739158207112,0.99968,0.528947105289471,0.891478312486212,NA,NA,0.528947105289471,0.891478312486212
"FLYCYC:PWY-8148","NADP biosynthesis",4,0.933238337195322,0.574343340243547,1,0.1,0,0.380240503205159,0.779237331162669,NA,0.908564266808704,0.99968,0.53014698530147,0.891478312486212,NA,NA,0.53014698530147,0.891478312486212
"FLYCYC:PWY-7180","2-deoxy-α-D-ribose 1-phosphate degradation",6,0.396372982957669,0.519319233465288,1,0.1,0,0.579629201031839,0.350670043388714,NA,0.884567740482299,0.99968,0.532346765323468,0.891478312486212,NA,NA,0.532346765323468,0.891478312486212
"FLYCYC:SERDEG-PWY","L-serine degradation",3,0.433067154541109,0.513928633426684,1,0.1,0,0.636983587218944,0.396439806754603,NA,0.919905453895096,0.99968,0.534046595340466,0.891478312486212,NA,NA,0.534046595340466,0.891478312486212
"FLYCYC:PWY3O-1743","D-mannose degradation II",5,0.687480285275319,0.577144348299941,0.373435528580945,0.1,0.229924036939363,0.373013552896215,0.6873310035766,NA,0.903107365103721,0.99968,0.537446255374463,0.891478312486212,NA,NA,0.537446255374463,0.891478312486212
"FLYCYC:SERSYN-PWY","L-serine biosynthesis I",3,0.507651488499275,0.514049889574737,1,0.1,0,0.427075561608625,0.511472969781745,NA,0.93827135576724,0.99968,0.562843715628437,0.921467228277172,NA,NA,0.562843715628437,0.921467228277172
"FLYCYC:PWY66-21","ethanol degradation II",4,0.497724566832446,0.536869995805532,1,0.1,0,0.40779277041184,0.531032279597323,NA,0.927160236928754,0.99968,0.564343565643436,0.921467228277172,NA,NA,0.564343565643436,0.921467228277172
"FLYCYC:PWY4FS-8","phosphatidylglycerol biosynthesis II",10,0.613576406511687,0.347830692210698,0.43310445085645,0.1,1.33305692819828,0.491511657221084,0.406754066685128,NA,0.882021795736416,0.99968,0.571742825717428,0.926312019960795,NA,NA,0.571742825717428,0.926312019960795
"FLYCYC:PWY-7856","heme a biosynthesis",8,0.383788654537792,0.441912706283619,0.389643708751819,0.1,1.11227441842385,0.41252543654731,0.481860084686717,NA,0.911151837457889,0.99968,0.584441555844416,0.939602193626791,NA,NA,0.584441555844416,0.939602193626791
"FLYCYC:PWY-7219","adenosine ribonucleotides de novo biosynthesis",4,0.457078178801097,0.581984990089009,1,0.1,0,0.616732880702184,0.446232803244326,NA,0.947924178418929,0.99968,0.5995400459954,0.95651808864915,NA,NA,0.5995400459954,0.95651808864915
"FLYCYC:PWY0-1264","malonyl-CoA biosynthesis via biotin-carboxyl carrier protein",4,0.466445824732868,0.498875059646021,1,0.1,0,0.487047871057407,0.447737354602939,NA,0.948627778735245,0.99968,0.605039496050395,0.957979202079792,NA,NA,0.605039496050395,0.957979202079792
"FLYCYC:PWY-5966-1","fatty acid biosynthesis initiation (type I)",3,0.493653246942164,0.56759043808785,1,0.1,0,0.598934405835064,0.484118376155704,NA,0.963461535628346,0.99968,0.613538646135386,0.960680051397845,NA,NA,0.613538646135386,0.960680051397845
"FLYCYC:PWY-7279","aerobic respiration II (cytochrome c) (yeast)",2,0.753570595613398,0.627635650889553,1,0.1,0,0.5203606464,0.693541378872346,NA,0.974615182521642,0.99968,0.615938406159384,0.960680051397845,NA,NA,0.615938406159384,0.960680051397845
"FLYCYC:PWY-7420","monoacylglycerol metabolism (yeast)",8,0.78023239466575,0.450048949106224,0.421585830573909,0.1,0.884108522509571,0.417340123931646,0.499217155014334,NA,0.932845431846692,0.99968,0.627237276272373,0.964069769493639,NA,NA,0.627237276272373,0.964069769493639
"FLYCYC:GLYSYN-PWY","glycine biosynthesis I",5,0.8740564785689,0.595353441541459,1,0.1,0,0.450105991278841,0.856760029824555,NA,0.94972003813508,0.99968,0.627337266273373,0.964069769493639,NA,NA,0.627337266273373,0.964069769493639
"FLYCYC:PWY-6173","histamine biosynthesis",13,0.42776984701004,0.687777750729902,1,0.1,0,0.774130848288123,0.385754919283575,NA,0.912560345033981,0.99968,0.633036696330367,0.965512476530125,NA,NA,0.633036696330367,0.965512476530125
"FLYCYC:PWY-6564","superpathway of heparan sulfate biosynthesis",8,0.547167288794142,0.504899898748705,0.474304511767374,0.1,0.540365498639992,0.470144708945736,0.43661437894282,NA,0.94324177663334,0.99968,0.641235876412359,0.965512476530125,NA,NA,0.641235876412359,0.965512476530125
"FLYCYC:PWY4FS-6","phosphatidylethanolamine biosynthesis II",3,0.560335384432019,0.52991273399067,1,0.1,0,0.602513100424424,0.505069414384675,NA,0.970302392341435,0.99968,0.643235676432357,0.965512476530125,NA,NA,0.643235676432357,0.965512476530125
"FLYCYC:PWY-7800","Ac/N-end rule pathway",7,0.743747041014324,0.7733515321719,0.451326456831247,0.1,0.404575114869665,0.449270376885764,0.801099665494699,NA,0.949336850251653,0.99968,0.653434656534347,0.965512476530125,NA,NA,0.653434656534347,0.965512476530125
"FLYCYC:PWY-5326","sulfite oxidation IV (sulfite oxidase)",3,0.976632018396987,0.532399759334111,1,0.1,0,0.617327011502199,0.769067993833827,NA,0.977645053746035,0.99968,0.659334066593341,0.965512476530125,NA,NA,0.659334066593341,0.965512476530125
"FLYCYC:PWY-7343","UDP-α-D-glucose biosynthesis",4,0.504148282427794,0.672869226481209,1,0.1,0,0.752334820507611,0.513601495112031,NA,0.970025005672401,0.99968,0.661333866613339,0.965512476530125,NA,NA,0.661333866613339,0.965512476530125
"FLYCYC:PWY-6118","glycerol-3-phosphate shuttle",6,0.765882985683026,0.658130676514314,1,0.1,0,0.482470270171709,0.803073578020358,NA,0.962874140579219,0.99968,0.664833516648335,0.965512476530125,NA,NA,0.664833516648335,0.965512476530125
"FLYCYC:PWY-7546","diphthamide biosynthesis II (eukaryotes)",2,0.601201595523935,0.611530774312621,1,0.1,0,0.5551643584,0.598494854148071,NA,0.982582016095726,0.99968,0.665233476652335,0.965512476530125,NA,NA,0.665233476652335,0.965512476530125
"FLYCYC:PWY-7998","menaquinol-4 biosynthesis II",2,0.561979443374588,0.618340357359494,1,0.1,0,0.6022048959,0.570302512789072,NA,0.983876012095159,0.99968,0.674632536746325,0.969748915519407,NA,NA,0.674632536746325,0.969748915519407
"FLYCYC:PWY-6517","N-acetylglucosamine degradation II",3,0.610985731354233,0.571822221800594,1,0.1,0,0.542274233740237,0.566493844845203,NA,0.97990783195027,0.99968,0.677432256774323,0.969748915519407,NA,NA,0.677432256774323,0.969748915519407
"FLYCYC:PWY-7625","phosphatidylinositol biosynthesis II (eukaryotes)",10,0.526593739362385,0.479962898989905,0.466714590874555,0.1,1.09408038646729,0.44903149981758,0.563355883319113,NA,0.949226880065249,0.99968,0.688031196880312,0.974279696213385,NA,NA,0.688031196880312,0.974279696213385
"FLYCYC:ALANINE-SYN2-PWY","L-alanine biosynthesis II",12,0.699457542655454,0.644125362797557,1,0.1,0,0.959497810724019,0.446535751763928,NA,0.948066467824711,0.99968,0.692130786921308,0.974279696213385,NA,NA,0.692130786921308,0.974279696213385
"FLYCYC:PWY-6030","serotonin and melatonin biosynthesis I",13,0.648870998097147,0.452591440620403,0.705670764470293,0.1,0.222829628654027,0.715535681919787,0.47116153667539,NA,0.950846107066065,0.99968,0.697930206979302,0.974279696213385,NA,NA,0.697930206979302,0.974279696213385
"FLYCYC:PWY-5751","phenylethanol biosynthesis",7,0.525494636343452,0.67043027550364,1,0.1,0,0.79540512023386,0.501427940454056,NA,0.969193689893055,0.99968,0.706129387061294,0.974279696213385,NA,NA,0.706129387061294,0.974279696213385
"FLYCYC:HOMOCYSDEGR-PWY","L-cysteine biosynthesis III (from L-homocysteine)",2,0.654398970536901,0.65765581585621,1,0.1,0,0.5971305216,0.650192373321836,NA,0.989387399125761,0.99968,0.70982901709829,0.974279696213385,NA,NA,0.70982901709829,0.974279696213385
"FLYCYC:PWY-7118","chitin deacetylation",3,0.572908116953628,0.672088310410144,1,0.1,0,0.770183031158723,0.58053935973983,NA,0.98578959065722,0.99968,0.70992900709929,0.974279696213385,NA,NA,0.70992900709929,0.974279696213385
"FLYCYC:PWY-6134","L-tyrosine biosynthesis IV",6,0.52585989084467,0.633347986675485,1,0.1,0,0.769146808387585,0.530748194439305,NA,0.976037425465426,0.99968,0.713228677132287,0.974279696213385,NA,NA,0.713228677132287,0.974279696213385
"FLYCYC:PWY-6535","4-aminobutanoate degradation I",3,0.594654700695239,0.783427604115676,1,0.1,0,0.874924984999,0.656516638057888,NA,0.989057269464754,0.99968,0.737726227377262,1,NA,NA,0.737726227377262,1
"FLYCYC:PWY-4061","glutathione-mediated detoxification I",8,0.53406206799438,0.617858157985866,0.538073664287106,0.1,0.168720697236146,0.537585817593765,0.558191921198639,NA,0.978039595315229,0.99968,0.747725227477252,1,NA,NA,0.747725227477252,1
"FLYCYC:PWY-3861","mannitol degradation II",19,0.499057000529195,0.762426129120765,0.74044585966339,0.1,0.882350381484487,0.717284880751119,0.481641964197951,NA,0.96257608847931,0.99968,0.758924107589241,1,NA,NA,0.758924107589241,1
"FLYCYC:PWY-7927","sulfide oxidation IV (mitochondria)",3,0.66252434919918,0.734725644395931,1,0.1,0,0.617327011502199,0.71359805058894,NA,0.991793857766226,0.99968,0.761023897610239,1,NA,NA,0.761023897610239,1
"FLYCYC:PENTOSE-P-PWY","pentose phosphate pathway",16,0.674699674732318,0.881472964424031,0.50315995407982,0.05,0.321229722068529,0.501537296033506,0.835976067798918,NA,0.969227459980297,0.99968,0.765723427657234,1,NA,NA,0.765723427657234,1
"FLYCYC:METHIONINE-DEG1-PWY","L-methionine degradation I (to L-homocysteine)",16,0.511109129624553,0.794173841677394,1,0.1,0,0.959142700911486,0.528218648994578,NA,0.972070726669728,0.99968,0.773422657734227,1,NA,NA,0.773422657734227,1
"FLYCYC:PWY-7417","phospholipid remodeling (phosphatidate, yeast)",4,0.881699975451904,0.616426702504415,1,0.1,0,0.772341654997809,0.658986984963198,NA,0.991696870137488,0.99968,0.77962203779622,1,NA,NA,0.77962203779622,1
"FLYCYC:1CMET2-PWY","folate transformations III (E. coli)",2,0.673373897395046,0.75555250108967,1,0.1,0,0.7466186431,0.706838192275678,NA,0.996282470324365,0.99968,0.785221477852215,1,NA,NA,0.785221477852215,1
"FLYCYC:PWY66-398","TCA cycle III (animals)",17,0.561337754251072,0.691249887484939,1,0.1,0,0.85038771707604,0.528179908886921,NA,0.976617973376555,0.99968,0.795220477952205,1,NA,NA,0.795220477952205,1
"FLYCYC:PWY-6100","L-carnitine biosynthesis",2,0.92878542609497,0.792779473666763,1,0.1,0,0.6926517279,0.881218831659289,NA,0.997257454260359,0.99968,0.808019198080192,1,NA,NA,0.808019198080192,1
"FLYCYC:GLUAMCAT-PWY","N-acetylglucosamine degradation I",2,0.765975592032123,0.76084125747137,1,0.1,0,0.6989392839,0.763933994678185,NA,0.997526736139927,0.99968,0.812618738126187,1,NA,NA,0.812618738126187,1
"FLYCYC:PWY-6352","3-phosphoinositide biosynthesis",3,0.673095133041638,0.847040736424936,1,0.1,0,0.872455426377247,0.758693674033123,NA,0.996266579292116,0.99968,0.818318168183182,1,NA,NA,0.818318168183182,1
"FLYCYC:PWY-7899","protein NEDDylation",2,0.797969056307861,0.773218403277139,1,0.1,0,0.7044338044,0.788179248949661,NA,0.997744339118662,0.99968,0.822917708229177,1,NA,NA,0.822917708229177,1
"FLYCYC:THIOREDOX-PWY","thioredoxin pathway (NADPH)",10,0.671384827992218,0.600532087044811,0.647351961204321,0.1,0.0205451655414808,0.647341828387711,0.616062133540465,NA,0.989827926187965,0.99968,0.824117588241176,1,NA,NA,0.824117588241176,1
"FLYCYC:PWY66-430","tetradecanoate biosynthesis (mitochondria)",2,0.780530852786067,0.76909806078861,1,0.1,0,0.7051075584,0.776332064234028,NA,0.997769931484099,0.99968,0.824517548245176,1,NA,NA,0.824517548245176,1
"FLYCYC:PWY-7437","protein O-[N-acetyl]-glucosylation",3,0.717827463349484,0.711509306659409,1,0.1,0,0.755226015592536,0.6865477942337,NA,0.996974085506051,0.99968,0.830916908309169,1,NA,NA,0.830916908309169,1
"FLYCYC:PWY-6348","phosphate acquisition",4,0.67334440501422,0.921818054385079,1,0.1,0,0.981918117622168,0.813865167341699,NA,0.996280791667925,0.99968,0.834516548345166,1,NA,NA,0.834516548345166,1
"FLYCYC:PWY-6273","phosphatidylethanolamine biosynthesis III",2,0.742988882793648,0.874617240769926,1,0.1,0,0.9082879344,0.818212916413465,NA,0.998878602593545,0.99968,0.860913908609139,1,NA,NA,0.860913908609139,1
"FLYCYC:PWY-6558","heparan sulfate biosynthesis",6,0.67347033528441,0.880424276711681,1,0.1,0,0.867530383519987,0.790018757326602,NA,0.996287955174952,0.99968,0.864013598640136,1,NA,NA,0.864013598640136,1
"FLYCYC:GLYCLEAV-PWY","glycine cleavage",10,0.843346295694382,0.767364988794989,1,0.1,0,0.891099480599798,0.639332120575076,NA,0.993897084850015,0.99968,0.868313168683132,1,NA,NA,0.868313168683132,1
"FLYCYC:PWY0-1313","acetate conversion to acetyl-CoA",3,0.728017202493272,0.923290823775754,1,0.1,0,0.968015180270593,0.848884622292603,NA,0.998511642767431,0.99968,0.874012598740126,1,NA,NA,0.874012598740126,1
"FLYCYC:PWY-7184","pyrimidine deoxyribonucleotides de novo biosynthesis I",6,0.823393295281128,0.774180152981231,1,0.1,0,0.696415727248938,0.851732060631624,NA,0.997421326569938,0.99968,0.886411358864114,1,NA,NA,0.886411358864114,1
"FLYCYC:PWY-7606","docosahexaenoate biosynthesis III (6-desaturase, mammals)",4,0.735591540610138,0.948433854274352,1,0.1,0,0.961011203255209,0.880940223049,NA,0.998707660173047,0.99968,0.892810718928107,1,NA,NA,0.892810718928107,1
"FLYCYC:BSUBPOLYAMSYN-PWY","spermidine biosynthesis I",2,0.775009012161804,0.864183032579542,1,0.1,0,0.8556835879,0.82783985101615,NA,0.999423465086049,0.99968,0.893010698930107,1,NA,NA,0.893010698930107,1
"FLYCYC:PWY-5084","2-oxoglutarate decarboxylation to succinyl-CoA",3,0.76309847488763,0.877255829305639,1,0.1,0,0.908253944398792,0.825813453385199,NA,0.999253827424633,0.99968,0.898110188981102,1,NA,NA,0.898110188981102,1
"FLYCYC:PWY-6317","D-galactose degradation I (Leloir pathway)",6,0.724135569229436,0.969504493324037,1,0.1,0,0.986109489325297,0.903339526177008,NA,0.998402361430495,0.99968,0.903509649035096,1,NA,NA,0.903509649035096,1
"FLYCYC:PWY-6872","retinoate biosynthesis I",3,0.769933117511234,0.922515427724808,1,0.1,0,0.917186559726528,0.872540525102873,NA,0.999355429332452,0.99968,0.906609339066093,1,NA,NA,0.906609339066093,1
"FLYCYC:PWY-5285","sulfide oxidation III (to sulfite)",4,0.910757429151544,0.818371944032901,1,0.1,0,0.75423914753597,0.860816658387001,NA,0.999103472689325,0.99968,0.907809219078092,1,NA,NA,0.907809219078092,1
"FLYCYC:PWY-6837","fatty acid β-oxidation V (unsaturated, odd number, di-isomerase-dependent)",5,0.74369287829945,0.866148947798327,1,0.1,0,0.878070863509024,0.817457786857261,NA,0.998893877140031,0.99968,0.90960903909609,1,NA,NA,0.90960903909609,1
"FLYCYC:PWY-8181","2-methyl-branched fatty acid β-oxidation",18,0.828551231168813,0.772529778217581,1,0.1,0,0.92429711373926,0.652882666741209,NA,0.994960568999457,0.99968,0.91050894910509,1,NA,NA,0.91050894910509,1
"FLYCYC:PWY0-1319","CDP-diacylglycerol biosynthesis II",7,0.831181970864515,0.724840563632141,1,0.1,0,0.747440336036812,0.747110763245876,NA,0.99842267184346,0.99968,0.912408759124088,1,NA,NA,0.912408759124088,1
"FLYCYC:NADPHOS-DEPHOS-PWY","NAD phosphorylation and dephosphorylation",3,0.95586056592182,0.891312765249129,1,0.1,0,0.789461314651,0.943911858338534,NA,0.999586324753962,0.99968,0.924407559244076,1,NA,NA,0.924407559244076,1
"FLYCYC:PWY-7894","procollagen hydroxylation and glycosylation",6,0.924442175131286,0.758583272758308,1,0.1,0,0.748826980734889,0.877890038473318,NA,0.999000310960364,0.99968,0.924607539246075,1,NA,NA,0.924607539246075,1
"FLYCYC:PWY-6364","D-myo-inositol (1,3,4)-trisphosphate biosynthesis",4,0.783432619700716,0.970225045747914,1,0.1,0,0.973967202901423,0.926867991290297,NA,0.999523607170868,0.99968,0.93030696930307,1,NA,NA,0.93030696930307,1
"FLYCYC:PWY-6124","inosine-5'-phosphate biosynthesis II",13,0.743151002133015,0.839247744014733,1,0.1,0,0.910975101499834,0.718548643104042,NA,0.998233894130716,0.99968,0.936606339366063,1,NA,NA,0.936606339366063,1
"FLYCYC:PWY-7112","4-hydroxy-2-nonenal detoxification",15,0.71469899306759,0.864316082049141,1,0.1,0,0.802324726471552,0.887684211561776,NA,0.998109761858283,0.99968,0.938806119388061,1,NA,NA,0.938806119388061,1
"FLYCYC:COA-PWY","coenzyme A biosynthesis I (bacteria)",9,0.75313027255567,0.975818251433802,1,0.1,0,0.969846524884156,0.93739943314847,NA,0.9990830636541,0.99968,0.939106089391061,1,NA,NA,0.939106089391061,1
"FLYCYC:PWY-6281","L-selenocysteine biosynthesis II (archaea and eukaryotes)",6,0.780372003568081,0.935084158072971,1,0.1,0,0.832369046801504,0.910325490996754,NA,0.999488979292877,0.99968,0.942905709429057,1,NA,NA,0.942905709429057,1
"FLYCYC:PWY-5667","CDP-diacylglycerol biosynthesis I",9,0.801155888488792,0.802923094706576,1,0.1,0,0.829544568025419,0.763142205872982,NA,0.999254515871386,0.99968,0.944205579442056,1,NA,NA,0.944205579442056,1
"FLYCYC:PWY4FS-7","phosphatidylglycerol biosynthesis I",8,0.818755832804243,0.789154195719959,1,0.1,0,0.792514659264323,0.779582893861913,NA,0.999479732758943,0.99968,0.95030496950305,1,NA,NA,0.95030496950305,1
"FLYCYC:PWY-7799","Arg/N-end rule pathway (eukaryotic)",11,0.790611412407336,0.861920278184972,1,0.1,0,0.878773242091423,0.889975416898063,NA,0.999597500785523,0.99968,0.968903109689031,1,NA,NA,0.968903109689031,1
"FLYCYC:GLUTSYNIII-PWY","L-glutamate biosynthesis III",3,0.923178295203631,0.996761457289147,1,0.1,0,0.997178248989909,0.991199129549684,NA,0.99968,0.99968,1,1,NA,NA,1,1
"FLYCYC:PWY-4361","S-methyl-5-thio-α-D-ribose 1-phosphate degradation I",2,0.905296738546414,0.921770182336541,1,0.1,0,0.8890244031,0.926143878888729,NA,0.99968,0.99968,1,1,NA,NA,1,1
"FLYCYC:PWY-5067","glycogen biosynthesis II (from UDP-D-Glucose)",2,0.886651136574761,0.97506824067513,1,0.1,0,0.98518911,0.956111144559767,NA,0.99968,0.99968,1,1,NA,NA,1,1
"FLYCYC:PWY-5177","glutaryl-CoA degradation",8,0.981865137608164,0.999785977583026,1,0.1,0,0.999644936770815,0.999949618639218,NA,0.99968,0.99968,1,1,NA,NA,1,1
"FLYCYC:PWY-5691","urate conversion to allantoin I",2,0.915503329826526,0.97020647718792,1,0.1,0,0.9636563904,0.960689522832258,NA,0.99968,0.99968,1,1,NA,NA,1,1
"FLYCYC:PWY-6019","pseudouridine degradation",12,0.814134564610087,0.954236553082241,1,0.1,0,0.875029278561106,0.935552589589164,NA,0.99968,0.99968,1,1,NA,NA,1,1
"FLYCYC:PWY-6129","dolichol and dolichyl phosphate biosynthesis",4,0.952260305535707,0.996687953250354,1,0.1,0,0.99667947433588,0.995112377808476,NA,0.99968,0.99968,1,1,NA,NA,1,1
"FLYCYC:PWY-6823","molybdopterin biosynthesis",6,0.93790874392628,0.998839780229517,1,0.1,0,0.999153593259285,0.996731218034372,NA,0.99968,0.99968,1,1,NA,NA,1,1
"FLYCYC:PWY-7199","pyrimidine deoxyribonucleosides salvage",3,0.978968999049359,0.999948133246033,1,0.1,0,0.999968084655552,0.999758564161883,NA,0.99968,0.99968,1,1,NA,NA,1,1
"FLYCYC:PWY-7299","progesterone biosynthesis",3,0.819603804342045,0.911269855099446,1,0.1,0,0.892949916335832,0.883149122650513,NA,0.99968,0.99968,1,1,NA,NA,1,1
"FLYCYC:PWY-7889","tRNA-uridine34 modifications (mammalian mitochondria)",6,0.866519893908794,0.991910850807488,1,0.1,0,0.984267819942871,0.982133489949079,NA,0.99968,0.99968,1,1,NA,NA,1,1
"FLYCYC:PWY-8249","xanthommatin biosynthesis",5,0.991527676470804,0.882298026125908,1,0.1,0,0.94153185313498,0.947269148680266,NA,0.99968,0.99968,1,1,NA,NA,1,1
"FLYCYC:PWY-8454","aspartame degradation",7,0.899728588212128,0.981094146625237,1,0.1,0,0.987306356433268,0.955612759401087,NA,0.99968,0.99968,1,1,NA,NA,1,1
"FLYCYC:PWY66-429","fatty acid biosynthesis initiation (mitochondria)",2,0.896429709816787,0.867977478308846,1,0.1,0,0.8093455104,0.893006471704974,NA,0.99968,0.99968,1,1,NA,NA,1,1
"FLYCYC:SER-GLYSYN-PWY","superpathway of L-serine and glycine biosynthesis I",3,0.899083882906767,0.854551680692284,1,0.1,0,0.887866428162952,0.870027397334826,NA,0.99968,0.99968,1,1,NA,NA,1,1
