pathway_id,pathway_name,n_genes,gene_names,acat_p,perm_p
HOMOSERSYN-PWY,L-homoserine biosynthesis,17,Zm00001eb097580;Zm00001eb177530;Zm00001eb220040;Zm00001eb309070;Zm00001eb405410;Zm00001eb214360;Zm00001eb064530;Zm00001eb094670;Zm00001eb145010;Zm00001eb280160;Zm00001eb299320;Zm00001eb415810;Zm00001eb420300,9.97E-05,0.000999001
PWY-5097,L-lysine biosynthesis VI,25,Zm00001eb001140;Zm00001eb176170;Zm00001eb398800;Zm00001eb406820;Zm00001eb028810;Zm00001eb136710;Zm00001eb008180;Zm00001eb013940;Zm00001eb396620;Zm00001eb396630;Zm00001eb421210;Zm00001eb073410;Zm00001eb389290;Zm00001eb214360;Zm00001eb064530;Zm00001eb094670;Zm00001eb097580;Zm00001eb145010;Zm00001eb177530;Zm00001eb220040;Zm00001eb280160;Zm00001eb299320;Zm00001eb309070;Zm00001eb415810;Zm00001eb420300,0.000293251,0.001998002
PWY-4361,<i>S</i>-methyl-5-thio-&alpha;-D-ribose 1-phosphate degradation I,13,Zm00001eb402000;Zm00001eb005710;Zm00001eb221410;Zm00001eb314710;Zm00001eb004660;Zm00001eb047770;Zm00001eb218580;Zm00001eb235160;Zm00001eb127150;Zm00001eb169620;Zm00001eb168430,0.000361348,0.003996004
PWY-621,sucrose degradation III (sucrose invertase),16,Zm00001eb230860;Zm00001eb121400;Zm00001eb153620;Zm00001eb154520;Zm00001eb283530;Zm00001eb353560;Zm00001eb059230;Zm00001eb101090;Zm00001eb315420;Zm00001eb050040;Zm00001eb144910;Zm00001eb147840;Zm00001eb230560;Zm00001eb260710;Zm00001eb365810;Zm00001eb372200,0.002114692,0.003996004
PWY-6442,spermidine hydroxycinnamic acid conjugates biosynthesis,3,Zm00001eb260700,0.007649,0.004995005
PWY-6465,&omega;-hydroxylation of caprate and laurate,2,Zm00001eb002760;Zm00001eb048540,0.008860957,0.00999001
PWY-6468,&omega;- hydroxylation of laurate,2,Zm00001eb002760;Zm00001eb048540,0.008860957,0.011988012
LEUSYN-PWY,L-leucine biosynthesis,23,Zm00001eb208610;Zm00001eb208760;Zm00001eb230780;Zm00001eb249330;Zm00001eb019200;Zm00001eb093160;Zm00001eb121260;Zm00001eb196510;Zm00001eb278820;Zm00001eb405040;Zm00001eb009540;Zm00001eb017520;Zm00001eb022930;Zm00001eb074240;Zm00001eb404340;Zm00001eb013280;Zm00001eb076030;Zm00001eb084930;Zm00001eb434270,0.009185507,0.015984016
PWY4FS-10,scopolin biosynthesis,4,Zm00001eb056990;Zm00001eb071200;Zm00001eb158880;Zm00001eb245870,0.013425279,0.021978022
PWY-5122,geranyl diphosphate biosynthesis,2,Zm00001eb107690;Zm00001eb325560,0.013547937,0.036963037
HEXPPSYN-PWY,hexaprenyl diphosphate biosynthesis,1,Zm00001eb297120,0.015557,0.036963037
PWY-6520,nonaprenyl diphosphate biosynthesis II,1,Zm00001eb297120,0.015557,0.022977023
PWY-7206,pyrimidine deoxyribonucleotides dephosphorylation,4,Zm00001eb052270;Zm00001eb077570;Zm00001eb241110;Zm00001eb426620,0.016027779,0.021978022
PWY-6762,salicylate glucosides biosynthesis IV,5,Zm00001eb056990;Zm00001eb071200;Zm00001eb158880;Zm00001eb245870;Zm00001eb419710,0.016862754,0.026973027
PWY-8011,L-serine biosynthesis II,11,Zm00001eb034260;Zm00001eb034320;Zm00001eb034570;Zm00001eb088840;Zm00001eb097200;Zm00001eb229250;Zm00001eb299920;Zm00001eb338070;Zm00001eb418650;Zm00001eb418680,0.020088369,0.02997003
PWYQT-4449,polyisoprenoid biosynthesis,5,Zm00001eb107690;Zm00001eb325560;Zm00001eb342550;Zm00001eb361070;Zm00001eb297120,0.02349692,0.044955045
PWY-5121,superpathway of geranylgeranyl diphosphate biosynthesis II (via MEP),10,Zm00001eb107690;Zm00001eb186980;Zm00001eb250080;Zm00001eb297120;Zm00001eb325560;Zm00001eb333900;Zm00001eb342550;Zm00001eb361070,0.027637906,0.037962038
PWY-5910,superpathway of geranylgeranyldiphosphate biosynthesis I (via mevalonate),10,Zm00001eb107690;Zm00001eb186980;Zm00001eb250080;Zm00001eb297120;Zm00001eb325560;Zm00001eb333900;Zm00001eb342550;Zm00001eb361070,0.027637906,0.055944056
PWY-5060,luteolin biosynthesis,18,Zm00001eb351260;Zm00001eb336520;Zm00001eb326950;Zm00001eb314130;Zm00001eb300490;Zm00001eb202620;Zm00001eb183680;Zm00001eb183650;Zm00001eb117370;Zm00001eb103310;Zm00001eb100220;Zm00001eb100210;Zm00001eb100200;Zm00001eb097920;Zm00001eb083440;Zm00001eb040240;Zm00001eb020100;Zm00001eb017640,0.030170412,0.051948052
PWY-735,jasmonic acid biosynthesis,27,Zm00001eb376020;Zm00001eb379490;Zm00001eb002570;Zm00001eb025180;Zm00001eb048810;Zm00001eb191000;Zm00001eb298620;Zm00001eb308860;Zm00001eb365590;Zm00001eb005920;Zm00001eb035010;Zm00001eb423430;Zm00001eb009340;Zm00001eb058640;Zm00001eb058670;Zm00001eb205210;Zm00001eb214000;Zm00001eb082050;Zm00001eb131870;Zm00001eb279210;Zm00001eb356160;Zm00001eb373030;Zm00001eb373050;Zm00001eb020680;Zm00001eb393530,0.033127926,0.066933067
PWY-8105,queuosine biosynthesis II (queuine salvage),2,Zm00001eb026400;Zm00001eb313370,0.033767386,0.045954046
PWY-7528,L-methionine salvage cycle I (bacteria and plants),5,Zm00001eb130870;Zm00001eb332180;Zm00001eb340450;Zm00001eb354640;Zm00001eb417370,0.034827187,0.051948052
GLUCONEO-PWY,gluconeogenesis I,85,Zm00001eb059230;Zm00001eb101090;Zm00001eb315420;Zm00001eb041400;Zm00001eb045790;Zm00001eb059070;Zm00001eb074700;Zm00001eb158270;Zm00001eb179730;Zm00001eb296550;Zm00001eb304640;Zm00001eb328310;Zm00001eb373750;Zm00001eb220780;Zm00001eb321980;Zm00001eb103580;Zm00001eb124410;Zm00001eb319770;Zm00001eb335870;Zm00001eb367890;Zm00001eb000560;Zm00001eb038930;Zm00001eb059410;Zm00001eb089330;Zm00001eb137080;Zm00001eb143650;Zm00001eb154490;Zm00001eb169830;Zm00001eb283570;Zm00001eb349990;Zm00001eb371140;Zm00001eb401670;Zm00001eb333390;Zm00001eb333420;Zm00001eb398370;Zm00001eb429910;Zm00001eb011890;Zm00001eb026940;Zm00001eb098760;Zm00001eb134980;Zm00001eb185280;Zm00001eb270050;Zm00001eb311450;Zm00001eb357150;Zm00001eb377870;Zm00001eb397960;Zm00001eb421480;Zm00001eb015770;Zm00001eb123700;Zm00001eb137710;Zm00001eb149730;Zm00001eb254380;Zm00001eb281930;Zm00001eb368990;Zm00001eb410550;Zm00001eb047240;Zm00001eb150720;Zm00001eb233070;Zm00001eb291670;Zm00001eb352550;Zm00001eb173410;Zm00001eb184000;Zm00001eb207270;Zm00001eb233140;Zm00001eb246370;Zm00001eb261430;Zm00001eb343400;Zm00001eb424120;Zm00001eb424160;Zm00001eb010390;Zm00001eb085480;Zm00001eb144240;Zm00001eb171950;Zm00001eb188850;Zm00001eb200910;Zm00001eb334740;Zm00001eb365200;Zm00001eb386660;Zm00001eb408010;Zm00001eb011940;Zm00001eb146750;Zm00001eb348530;Zm00001eb389720,0.035613273,0.084915085
PWY-5863,superpathway of phylloquinol biosynthesis,8,Zm00001eb107690;Zm00001eb186980;Zm00001eb250080;Zm00001eb297120;Zm00001eb325560;Zm00001eb333900;Zm00001eb342550;Zm00001eb361070,0.037320302,0.053946054
PWY-7205,CMP phosphorylation,9,Zm00001eb193140;Zm00001eb256910;Zm00001eb268760;Zm00001eb418760;Zm00001eb345550;Zm00001eb321790;Zm00001eb297860;Zm00001eb081910;Zm00001eb023820,0.038794337,0.065934066
PWY-7345,superpathway of anaerobic sucrose degradation,2,Zm00001eb229430;Zm00001eb229440,0.039021343,0.055944056
PWY-5872,ubiquinol-10 biosynthesis (late decarboxylation),8,Zm00001eb376720;Zm00001eb348180;Zm00001eb190740;Zm00001eb398140;Zm00001eb362110;Zm00001eb302180,0.041693628,0.074925075
METHIONINE-DEG1-PWY,L-methionine degradation I (to L-homocysteine),6,Zm00001eb170040;Zm00001eb130870;Zm00001eb332180;Zm00001eb340450;Zm00001eb354640;Zm00001eb417370,0.042748761,0.068931069
OXIDATIVEPENT-PWY,pentose phosphate pathway (oxidative branch) I,12,Zm00001eb019890;Zm00001eb079220;Zm00001eb246350;Zm00001eb395630;Zm00001eb419510;Zm00001eb141930;Zm00001eb169570;Zm00001eb268830;Zm00001eb020090;Zm00001eb040260;Zm00001eb103260;Zm00001eb326960,0.044126145,0.07992008
PWY-7196,superpathway of pyrimidine ribonucleosides salvage,8,Zm00001eb036480;Zm00001eb102380;Zm00001eb139240;Zm00001eb210120;Zm00001eb229170;Zm00001eb241070;Zm00001eb289550;Zm00001eb412190,0.04585993,0.08991009
PWY-7208,superpathway of pyrimidine nucleobases salvage,8,Zm00001eb036480;Zm00001eb102380;Zm00001eb139240;Zm00001eb210120;Zm00001eb229170;Zm00001eb241070;Zm00001eb289550;Zm00001eb412190,0.04585993,0.097902098
PWY4FS-6,phosphatidylethanolamine biosynthesis II,12,Zm00001eb230240;Zm00001eb278650;Zm00001eb093730;Zm00001eb195630;Zm00001eb414050;Zm00001eb027420;Zm00001eb100060;Zm00001eb154820;Zm00001eb207730;Zm00001eb293970;Zm00001eb313980;Zm00001eb337610,0.047554283,0.074925075
PWY-1042,glycolysis IV,91,Zm00001eb179810;Zm00001eb024280;Zm00001eb052130;Zm00001eb060760;Zm00001eb066190;Zm00001eb128890;Zm00001eb157810;Zm00001eb168480;Zm00001eb196650;Zm00001eb301440;Zm00001eb390590;Zm00001eb406450;Zm00001eb433750;Zm00001eb011890;Zm00001eb026940;Zm00001eb098760;Zm00001eb134980;Zm00001eb185280;Zm00001eb270050;Zm00001eb311450;Zm00001eb357150;Zm00001eb377870;Zm00001eb397960;Zm00001eb421480;Zm00001eb015770;Zm00001eb123700;Zm00001eb137710;Zm00001eb149730;Zm00001eb254380;Zm00001eb281930;Zm00001eb368990;Zm00001eb410550;Zm00001eb047240;Zm00001eb150720;Zm00001eb233070;Zm00001eb291670;Zm00001eb352550;Zm00001eb173410;Zm00001eb184000;Zm00001eb207270;Zm00001eb233140;Zm00001eb246370;Zm00001eb261430;Zm00001eb343400;Zm00001eb424120;Zm00001eb424160;Zm00001eb103580;Zm00001eb124410;Zm00001eb319770;Zm00001eb335870;Zm00001eb367890;Zm00001eb010390;Zm00001eb085480;Zm00001eb144240;Zm00001eb171950;Zm00001eb188850;Zm00001eb200910;Zm00001eb334740;Zm00001eb365200;Zm00001eb386660;Zm00001eb408010;Zm00001eb043000;Zm00001eb109160;Zm00001eb153820;Zm00001eb188910;Zm00001eb252630;Zm00001eb273400;Zm00001eb280120;Zm00001eb281610;Zm00001eb309240;Zm00001eb354160;Zm00001eb358830;Zm00001eb371740;Zm00001eb381920;Zm00001eb004990;Zm00001eb041270;Zm00001eb048390;Zm00001eb099530;Zm00001eb121310;Zm00001eb126820;Zm00001eb153830;Zm00001eb174380;Zm00001eb270890;Zm00001eb284270;Zm00001eb293530;Zm00001eb334210;Zm00001eb337520;Zm00001eb350090;Zm00001eb353260;Zm00001eb376780;Zm00001eb424620,0.047953093,0.110889111
PWY-6754,<i>S</i>-methyl-5'-thioadenosine degradation I,5,Zm00001eb433310;Zm00001eb036610;Zm00001eb119280;Zm00001eb175180;Zm00001eb379090,0.049131147,0.104895105
PWY-3561,choline biosynthesis III,34,Zm00001eb230240;Zm00001eb278650;Zm00001eb386530;Zm00001eb001370;Zm00001eb019050;Zm00001eb021510;Zm00001eb039780;Zm00001eb097160;Zm00001eb099650;Zm00001eb103990;Zm00001eb104020;Zm00001eb122860;Zm00001eb180150;Zm00001eb180160;Zm00001eb184950;Zm00001eb230280;Zm00001eb230290;Zm00001eb236140;Zm00001eb275030;Zm00001eb283150;Zm00001eb285800;Zm00001eb304640;Zm00001eb331700;Zm00001eb334470;Zm00001eb336760;Zm00001eb337170;Zm00001eb339870;Zm00001eb360410;Zm00001eb386300;Zm00001eb408170;Zm00001eb025170;Zm00001eb172180;Zm00001eb233270;Zm00001eb415600,0.049406955,0.097902098
PWY-7634,vernolate biosynthesis II,8,Zm00001eb043620;Zm00001eb084190;Zm00001eb124640;Zm00001eb124650;Zm00001eb172950;Zm00001eb224350;Zm00001eb225160;Zm00001eb363650,0.051525699,0.087912088
PWY-7187,pyrimidine deoxyribonucleotides <i>de novo</i> biosynthesis II,11,Zm00001eb027080;Zm00001eb112740;Zm00001eb169580;Zm00001eb109870;Zm00001eb131070;Zm00001eb208950;Zm00001eb248420;Zm00001eb282480;Zm00001eb311360;Zm00001eb340590;Zm00001eb052270,0.052012423,0.0999001
PWY-861,dhurrin biosynthesis,20,Zm00001eb064510;Zm00001eb305330;Zm00001eb058180;Zm00001eb219290;Zm00001eb219870;Zm00001eb385020;Zm00001eb061920;Zm00001eb138250,0.054431964,0.080919081
PWYDQC-4,indole-3-acetate biosynthesis I,17,Zm00001eb004710;Zm00001eb031030;Zm00001eb088950;Zm00001eb096820;Zm00001eb098150;Zm00001eb119530;Zm00001eb158550;Zm00001eb264510;Zm00001eb306140;Zm00001eb332870;Zm00001eb362000;Zm00001eb396380;Zm00001eb409250;Zm00001eb419450;Zm00001eb122460;Zm00001eb149140;Zm00001eb336900,0.056953035,0.091908092
PWY-695,abscisic acid biosynthesis,19,Zm00001eb031940;Zm00001eb051890;Zm00001eb117480;Zm00001eb140120;Zm00001eb140800;Zm00001eb188280;Zm00001eb218680;Zm00001eb251990;Zm00001eb267300;Zm00001eb267310;Zm00001eb300240;Zm00001eb309770;Zm00001eb318140;Zm00001eb331980;Zm00001eb375850;Zm00001eb013890;Zm00001eb170400;Zm00001eb212270;Zm00001eb396660,0.057249173,0.096903097
PWY-7176,UTP and CTP <i>de novo</i> biosynthesis,13,Zm00001eb084300;Zm00001eb193140;Zm00001eb256910;Zm00001eb268760;Zm00001eb362410;Zm00001eb418760;Zm00001eb137100;Zm00001eb158100;Zm00001eb162140;Zm00001eb296480;Zm00001eb344260;Zm00001eb358270;Zm00001eb359410,0.059407385,0.0999001
PWY-6348,phosphate acquisition,29,Zm00001eb010130;Zm00001eb010140;Zm00001eb015870;Zm00001eb039610;Zm00001eb048820;Zm00001eb053560;Zm00001eb085600;Zm00001eb151650;Zm00001eb154650;Zm00001eb201680;Zm00001eb202100;Zm00001eb244670;Zm00001eb270230;Zm00001eb277460;Zm00001eb283450;Zm00001eb283460;Zm00001eb297600;Zm00001eb330770;Zm00001eb346800;Zm00001eb350080;Zm00001eb357720;Zm00001eb361620;Zm00001eb377540;Zm00001eb382760;Zm00001eb387030;Zm00001eb406620;Zm00001eb406650;Zm00001eb410860;Zm00001eb421880,0.064949261,0.104895105
PWY-46,putrescine biosynthesis III,4,Zm00001eb418690;Zm00001eb114090;Zm00001eb319850;Zm00001eb331690,0.066451498,0.100899101
GLYSYN2-PWY,glycine biosynthesis,16,Zm00001eb017590;Zm00001eb077630;Zm00001eb077640;Zm00001eb212490;Zm00001eb244740;Zm00001eb426650;Zm00001eb034260;Zm00001eb118240;Zm00001eb134940;Zm00001eb298440;Zm00001eb030210;Zm00001eb056550;Zm00001eb146170;Zm00001eb170020;Zm00001eb345190;Zm00001eb366470,0.067021259,0.125874126
PWY-6124,inosine-5'-phosphate biosynthesis II,12,Zm00001eb070920;Zm00001eb413740;Zm00001eb015040;Zm00001eb113520;Zm00001eb297360;Zm00001eb319880;Zm00001eb284720;Zm00001eb120570;Zm00001eb226100;Zm00001eb284760,0.067142429,0.130869131
VALSYN-PWY,L-valine biosynthesis,9,Zm00001eb112480;Zm00001eb184310;Zm00001eb241810;Zm00001eb246720;Zm00001eb154700;Zm00001eb158190;Zm00001eb344300;Zm00001eb039310;Zm00001eb175970,0.078704319,0.152847153
PWY-922,mevalonate pathway I (eukaryotes and bacteria),27,Zm00001eb192570;Zm00001eb288110;Zm00001eb323510;Zm00001eb349410;Zm00001eb056620;Zm00001eb257840;Zm00001eb010900;Zm00001eb398490;Zm00001eb193770;Zm00001eb209270;Zm00001eb209470;Zm00001eb342830;Zm00001eb028260;Zm00001eb102030;Zm00001eb183790;Zm00001eb188880;Zm00001eb199950;Zm00001eb218380;Zm00001eb252590;Zm00001eb316960;Zm00001eb001340;Zm00001eb103070;Zm00001eb403920;Zm00001eb019210;Zm00001eb033060;Zm00001eb334430;Zm00001eb393330,0.083597561,0.152847153
PWY-6144,CMP-<i>N</i>-glycoloylneuraminate biosynthesis,2,Zm00001eb077040;Zm00001eb106560,0.083645011,0.118881119
PWY-7039,"phosphatidate metabolism, as a signaling molecule",54,Zm00001eb013380;Zm00001eb111990;Zm00001eb174140;Zm00001eb229100;Zm00001eb394390;Zm00001eb001370;Zm00001eb019050;Zm00001eb021510;Zm00001eb039780;Zm00001eb097160;Zm00001eb099650;Zm00001eb103990;Zm00001eb104020;Zm00001eb122860;Zm00001eb180150;Zm00001eb180160;Zm00001eb184950;Zm00001eb230280;Zm00001eb230290;Zm00001eb236140;Zm00001eb275030;Zm00001eb283150;Zm00001eb285800;Zm00001eb304640;Zm00001eb331700;Zm00001eb334470;Zm00001eb336760;Zm00001eb337170;Zm00001eb339870;Zm00001eb360410;Zm00001eb386300;Zm00001eb408170;Zm00001eb042920;Zm00001eb097940;Zm00001eb294840;Zm00001eb309560;Zm00001eb335600;Zm00001eb360740;Zm00001eb001870;Zm00001eb020260;Zm00001eb029550;Zm00001eb036420;Zm00001eb051670;Zm00001eb069350;Zm00001eb102060;Zm00001eb151400;Zm00001eb160870;Zm00001eb199610;Zm00001eb257410;Zm00001eb290260;Zm00001eb317000;Zm00001eb411260;Zm00001eb412830;Zm00001eb413000,0.08486526,0.16983017
PWY-6352,3-phosphoinositide biosynthesis,66,Zm00001eb006080;Zm00001eb051200;Zm00001eb078550;Zm00001eb145480;Zm00001eb208570;Zm00001eb219430;Zm00001eb220860;Zm00001eb257160;Zm00001eb260370;Zm00001eb278480;Zm00001eb299650;Zm00001eb374080;Zm00001eb401720;Zm00001eb019420;Zm00001eb041840;Zm00001eb044300;Zm00001eb076550;Zm00001eb112440;Zm00001eb146180;Zm00001eb174440;Zm00001eb177150;Zm00001eb260170;Zm00001eb279620;Zm00001eb280640;Zm00001eb312210;Zm00001eb328880;Zm00001eb347370;Zm00001eb400060;Zm00001eb178330;Zm00001eb291290;Zm00001eb405320;Zm00001eb011460;Zm00001eb017280;Zm00001eb017290;Zm00001eb023920;Zm00001eb037930;Zm00001eb044280;Zm00001eb054190;Zm00001eb054420;Zm00001eb093110;Zm00001eb100460;Zm00001eb110730;Zm00001eb176590;Zm00001eb216660;Zm00001eb220840;Zm00001eb229140;Zm00001eb290110;Zm00001eb314720;Zm00001eb329740;Zm00001eb394480;Zm00001eb274200;Zm00001eb389940;Zm00001eb027210;Zm00001eb101380;Zm00001eb114410;Zm00001eb128610;Zm00001eb168670;Zm00001eb216400;Zm00001eb315900;Zm00001eb326430;Zm00001eb332980;Zm00001eb345210;Zm00001eb352480;Zm00001eb377950;Zm00001eb380650;Zm00001eb433200,0.090385268,0.194805195
CYSTSYN-PWY,L-cysteine biosynthesis I,15,Zm00001eb008720;Zm00001eb032380;Zm00001eb041360;Zm00001eb083230;Zm00001eb088500;Zm00001eb127210;Zm00001eb149880;Zm00001eb333980;Zm00001eb376790;Zm00001eb376890;Zm00001eb376900;Zm00001eb376970;Zm00001eb002740;Zm00001eb293180;Zm00001eb361640,0.091219787,0.176823177
PWY-2681,<i>trans</i>-zeatin biosynthesis,49,Zm00001eb062030;Zm00001eb095250;Zm00001eb131660;Zm00001eb156350;Zm00001eb212350;Zm00001eb294970;Zm00001eb360550;Zm00001eb016630;Zm00001eb045690;Zm00001eb053840;Zm00001eb077200;Zm00001eb155240;Zm00001eb160700;Zm00001eb221650;Zm00001eb294370;Zm00001eb297400;Zm00001eb321030;Zm00001eb357450;Zm00001eb426710;Zm00001eb099270;Zm00001eb179460;Zm00001eb312250;Zm00001eb395930,0.09753673,0.176823177
PWY0-166,superpathway of pyrimidine deoxyribonucleotides <i>de novo</i> biosynthesis (<i>E. coli</i>),26,Zm00001eb027080;Zm00001eb112740;Zm00001eb169580;Zm00001eb379830;Zm00001eb375490;Zm00001eb280680;Zm00001eb271680;Zm00001eb078510;Zm00001eb109870;Zm00001eb131070;Zm00001eb208950;Zm00001eb248420;Zm00001eb282480;Zm00001eb311360;Zm00001eb340590;Zm00001eb052270;Zm00001eb345550;Zm00001eb321790;Zm00001eb297860;Zm00001eb081910;Zm00001eb023820,0.098905454,0.201798202
PWY-5048,rosmarinic acid biosynthesis I,34,Zm00001eb000140;Zm00001eb024860;Zm00001eb077220;Zm00001eb077230;Zm00001eb135760;Zm00001eb185240;Zm00001eb185250;Zm00001eb185260;Zm00001eb228950;Zm00001eb247630;Zm00001eb247650;Zm00001eb247660;Zm00001eb327700;Zm00001eb336630;Zm00001eb363980;Zm00001eb363990;Zm00001eb364000;Zm00001eb240910;Zm00001eb285030;Zm00001eb346150;Zm00001eb368900;Zm00001eb002380;Zm00001eb004210;Zm00001eb040790;Zm00001eb178360;Zm00001eb187910;Zm00001eb233720;Zm00001eb298620;Zm00001eb389420;Zm00001eb027920;Zm00001eb122460;Zm00001eb149140;Zm00001eb165890;Zm00001eb336900,0.100498246,0.194805195
PWY-7184,pyrimidine deoxyribonucleotides <i>de novo</i> biosynthesis I,30,Zm00001eb392190;Zm00001eb041370;Zm00001eb018380;Zm00001eb002450;Zm00001eb379830;Zm00001eb375490;Zm00001eb280680;Zm00001eb271680;Zm00001eb078510;Zm00001eb109870;Zm00001eb131070;Zm00001eb208950;Zm00001eb248420;Zm00001eb282480;Zm00001eb311360;Zm00001eb340590;Zm00001eb027080;Zm00001eb112740;Zm00001eb169580;Zm00001eb052270;Zm00001eb345550;Zm00001eb321790;Zm00001eb297860;Zm00001eb081910;Zm00001eb023820,0.113638436,0.228771229
PWYQT-4445,pyrimidine salvage pathway,18,Zm00001eb036480;Zm00001eb102380;Zm00001eb139240;Zm00001eb210120;Zm00001eb229170;Zm00001eb241070;Zm00001eb289550;Zm00001eb412190;Zm00001eb039560;Zm00001eb176090;Zm00001eb240690;Zm00001eb361250;Zm00001eb333800;Zm00001eb313430;Zm00001eb302930;Zm00001eb218510;Zm00001eb155170;Zm00001eb059100,0.118648407,0.241758242
PWY-5343,ajugose biosynthesis II (galactinol-independent),3,Zm00001eb409230,0.13881,0.160839161
LIPASYN-PWY,phospholipases,112,Zm00001eb047640;Zm00001eb063230;Zm00001eb064750;Zm00001eb084280;Zm00001eb127030;Zm00001eb140620;Zm00001eb211410;Zm00001eb350010;Zm00001eb016740;Zm00001eb017530;Zm00001eb023740;Zm00001eb031750;Zm00001eb070790;Zm00001eb106120;Zm00001eb121780;Zm00001eb141920;Zm00001eb146430;Zm00001eb155120;Zm00001eb158350;Zm00001eb158360;Zm00001eb165770;Zm00001eb169300;Zm00001eb172940;Zm00001eb174090;Zm00001eb186220;Zm00001eb196570;Zm00001eb221940;Zm00001eb249230;Zm00001eb260480;Zm00001eb266650;Zm00001eb266660;Zm00001eb271290;Zm00001eb287830;Zm00001eb289220;Zm00001eb296540;Zm00001eb305700;Zm00001eb313890;Zm00001eb318230;Zm00001eb322860;Zm00001eb330150;Zm00001eb350800;Zm00001eb355690;Zm00001eb359360;Zm00001eb365620;Zm00001eb408870;Zm00001eb011000;Zm00001eb011380;Zm00001eb019170;Zm00001eb025570;Zm00001eb031610;Zm00001eb038250;Zm00001eb038270;Zm00001eb038280;Zm00001eb038290;Zm00001eb050700;Zm00001eb050710;Zm00001eb054510;Zm00001eb059800;Zm00001eb096390;Zm00001eb096400;Zm00001eb096490;Zm00001eb100970;Zm00001eb115060;Zm00001eb115140;Zm00001eb115150;Zm00001eb120460;Zm00001eb124520;Zm00001eb135980;Zm00001eb140460;Zm00001eb166850;Zm00001eb190580;Zm00001eb197570;Zm00001eb200100;Zm00001eb224740;Zm00001eb259550;Zm00001eb299880;Zm00001eb001370;Zm00001eb019050;Zm00001eb021510;Zm00001eb039780;Zm00001eb097160;Zm00001eb099650;Zm00001eb103990;Zm00001eb104020;Zm00001eb122860;Zm00001eb180150;Zm00001eb180160;Zm00001eb184950;Zm00001eb230280;Zm00001eb230290;Zm00001eb236140;Zm00001eb275030;Zm00001eb283150;Zm00001eb285800;Zm00001eb304640;Zm00001eb331700;Zm00001eb334470;Zm00001eb336760;Zm00001eb337170;Zm00001eb339870;Zm00001eb360410;Zm00001eb386300;Zm00001eb408170;Zm00001eb013380;Zm00001eb111990;Zm00001eb174140;Zm00001eb229100;Zm00001eb394390,0.141036247,0.330669331
PWY-63,UDP-&beta;-L-arabinose biosynthesis I (from UDP-&alpha;-D-xylose),4,Zm00001eb014110;Zm00001eb070550;Zm00001eb396490;Zm00001eb431050,0.141558024,0.143856144
PWY-8157,avenanthramide biosynthesis,51,Zm00001eb147650;Zm00001eb260630;Zm00001eb313190;Zm00001eb347850;Zm00001eb367240;Zm00001eb001420;Zm00001eb048540;Zm00001eb094980;Zm00001eb124660;Zm00001eb150550;Zm00001eb291460;Zm00001eb038890;Zm00001eb078220;Zm00001eb098190;Zm00001eb124150;Zm00001eb124170;Zm00001eb124190;Zm00001eb125070;Zm00001eb134960;Zm00001eb186310;Zm00001eb246860;Zm00001eb268400;Zm00001eb000140;Zm00001eb024860;Zm00001eb077220;Zm00001eb077230;Zm00001eb135760;Zm00001eb185240;Zm00001eb185250;Zm00001eb185260;Zm00001eb228950;Zm00001eb247630;Zm00001eb247650;Zm00001eb247660;Zm00001eb327700;Zm00001eb336630;Zm00001eb363980;Zm00001eb363990;Zm00001eb364000;Zm00001eb240910;Zm00001eb285030;Zm00001eb346150;Zm00001eb368900;Zm00001eb002380;Zm00001eb004210;Zm00001eb040790;Zm00001eb178360;Zm00001eb187910;Zm00001eb233720;Zm00001eb298620;Zm00001eb389420,0.144133299,0.313686314
PWY3O-450,phosphatidylcholine biosynthesis I,9,Zm00001eb230240;Zm00001eb278650;Zm00001eb386530;Zm00001eb025170;Zm00001eb172180;Zm00001eb233270;Zm00001eb415600;Zm00001eb154820;Zm00001eb337610,0.144355543,0.23976024
PWY-5083,NAD(P)/NADPH interconversion,54,Zm00001eb001400;Zm00001eb002320;Zm00001eb008370;Zm00001eb015010;Zm00001eb024750;Zm00001eb025210;Zm00001eb034850;Zm00001eb039390;Zm00001eb039670;Zm00001eb041720;Zm00001eb053240;Zm00001eb053260;Zm00001eb055050;Zm00001eb059090;Zm00001eb102230;Zm00001eb105410;Zm00001eb108030;Zm00001eb110430;Zm00001eb129380;Zm00001eb140660;Zm00001eb151060;Zm00001eb154640;Zm00001eb179550;Zm00001eb187490;Zm00001eb213750;Zm00001eb216210;Zm00001eb224900;Zm00001eb224990;Zm00001eb241770;Zm00001eb242800;Zm00001eb258880;Zm00001eb290200;Zm00001eb290920;Zm00001eb292370;Zm00001eb316630;Zm00001eb321910;Zm00001eb325880;Zm00001eb329150;Zm00001eb329270;Zm00001eb332510;Zm00001eb361610;Zm00001eb362760;Zm00001eb368480;Zm00001eb369670;Zm00001eb370910;Zm00001eb394340;Zm00001eb395850;Zm00001eb401250;Zm00001eb416000;Zm00001eb091060;Zm00001eb098430;Zm00001eb140570;Zm00001eb201410;Zm00001eb362660,0.145381375,0.276723277
PWY-7253,apigeninidin 5-<i>O</i>-glucoside biosynthesis,24,Zm00001eb006790;Zm00001eb105610;Zm00001eb105630;Zm00001eb117550;Zm00001eb153990;Zm00001eb154000;Zm00001eb208590;Zm00001eb237550;Zm00001eb291330;Zm00001eb293440;Zm00001eb293450;Zm00001eb293460;Zm00001eb305310;Zm00001eb322190;Zm00001eb322210;Zm00001eb323960;Zm00001eb323970;Zm00001eb350960;Zm00001eb353640;Zm00001eb371290;Zm00001eb371300;Zm00001eb394980;Zm00001eb159020;Zm00001eb259680,0.146556593,0.294705295
PWY-6540,costunolide biosynthesis,4,Zm00001eb079490;Zm00001eb164760,0.146856368,0.158841159
PWYQT-4466,superpathway of sucrose and starch metabolism I (non-photosynthetic tissue),23,Zm00001eb104400;Zm00001eb185890;Zm00001eb230070;Zm00001eb320800;Zm00001eb351780;Zm00001eb354740;Zm00001eb272890;Zm00001eb226930;Zm00001eb215830;Zm00001eb054980;Zm00001eb159720;Zm00001eb216260;Zm00001eb274560;Zm00001eb306410;Zm00001eb308980;Zm00001eb328120;Zm00001eb067700;Zm00001eb157870;Zm00001eb178250;Zm00001eb206840;Zm00001eb296350;Zm00001eb309980;Zm00001eb414550,0.146870133,0.266733267
PWY-2161,folate polyglutamylation,17,Zm00001eb044170;Zm00001eb299330;Zm00001eb358850;Zm00001eb404110;Zm00001eb421680;Zm00001eb030210;Zm00001eb056550;Zm00001eb146170;Zm00001eb170020;Zm00001eb345190;Zm00001eb366470;Zm00001eb314490,0.150290106,0.26973027
PWY-6606,guanosine nucleotides degradation II,16,Zm00001eb021020;Zm00001eb096030;Zm00001eb361250;Zm00001eb333800;Zm00001eb313430;Zm00001eb302930;Zm00001eb218510;Zm00001eb155170;Zm00001eb059100;Zm00001eb063360;Zm00001eb095970;Zm00001eb096970;Zm00001eb171910;Zm00001eb299350;Zm00001eb304250;Zm00001eb304260,0.167195396,0.292707293
PWY-6363,"D-<i>myo</i>-inositol (1,4,5)-trisphosphate degradation",6,Zm00001eb073770;Zm00001eb102240;Zm00001eb241060;Zm00001eb289190;Zm00001eb294010;Zm00001eb317410,0.172965457,0.226773227
PWY-5453,methylglyoxal degradation III,6,Zm00001eb046850;Zm00001eb046870;Zm00001eb108670;Zm00001eb192490;Zm00001eb300950;Zm00001eb309910,0.175078675,0.223776224
PWY-5084,2-oxoglutarate decarboxylation to succinyl-CoA,10,Zm00001eb340900;Zm00001eb340590;Zm00001eb282480;Zm00001eb131070;Zm00001eb085130;Zm00001eb421290;Zm00001eb085340;Zm00001eb271700;Zm00001eb395670;Zm00001eb421170,0.175860147,0.267732268
PWY-5116,sakuranetin biosynthesis,1,Zm00001eb400190,0.1764,0.161838162
PWY-7416,"phospholipid remodeling (phosphatidylcholine, yeast)",45,Zm00001eb331670;Zm00001eb314300;Zm00001eb258680;Zm00001eb148010;Zm00001eb100310;Zm00001eb037190;Zm00001eb433110;Zm00001eb403520;Zm00001eb363580;Zm00001eb250480;Zm00001eb313890;Zm00001eb299880;Zm00001eb289220;Zm00001eb259550;Zm00001eb224740;Zm00001eb200100;Zm00001eb197570;Zm00001eb190580;Zm00001eb186220;Zm00001eb166850;Zm00001eb146430;Zm00001eb140460;Zm00001eb135980;Zm00001eb124520;Zm00001eb120460;Zm00001eb115150;Zm00001eb115140;Zm00001eb115060;Zm00001eb100970;Zm00001eb096490;Zm00001eb096400;Zm00001eb096390;Zm00001eb059800;Zm00001eb054510;Zm00001eb050710;Zm00001eb050700;Zm00001eb038290;Zm00001eb038280;Zm00001eb038270;Zm00001eb038250;Zm00001eb031610;Zm00001eb025570;Zm00001eb019170;Zm00001eb011380;Zm00001eb011000,0.178790934,0.357642358
PWY-3341,L-proline biosynthesis III (from L-ornithine),2,Zm00001eb141220;Zm00001eb050460,0.179279121,0.168831169
PWY-7204,pyridoxal 5'-phosphate salvage II (plants),22,Zm00001eb012270;Zm00001eb037350;Zm00001eb054100;Zm00001eb063350;Zm00001eb239610;Zm00001eb328560;Zm00001eb342820;Zm00001eb362210;Zm00001eb397730;Zm00001eb077890;Zm00001eb096060;Zm00001eb117640;Zm00001eb220220;Zm00001eb135500;Zm00001eb001050;Zm00001eb027880;Zm00001eb123990;Zm00001eb244850,0.191096231,0.330669331
PWY-5114,UDP-sugars interconversion,20,Zm00001eb050080;Zm00001eb057810;Zm00001eb214560;Zm00001eb016850;Zm00001eb042670;Zm00001eb309880;Zm00001eb319250;Zm00001eb010710;Zm00001eb036220;Zm00001eb257590;Zm00001eb278370;Zm00001eb280450;Zm00001eb287360;Zm00001eb317540;Zm00001eb374410;Zm00001eb398580;Zm00001eb014110;Zm00001eb070550;Zm00001eb396490;Zm00001eb431050,0.19298111,0.291708292
P401-PWY,cyanide degradation,1,Zm00001eb088500,0.198,0.187812188
PWY-6786,detoxification of reactive carbonyls in chloroplasts,29,Zm00001eb152950;Zm00001eb046850;Zm00001eb046870;Zm00001eb108670;Zm00001eb192490;Zm00001eb300950;Zm00001eb309910,0.201580357,0.373626374
PWY-7219,adenosine ribonucleotides <i>de novo</i> biosynthesis,21,Zm00001eb002420;Zm00001eb066750;Zm00001eb066760;Zm00001eb109850;Zm00001eb133450;Zm00001eb138610;Zm00001eb158850;Zm00001eb177670;Zm00001eb239710;Zm00001eb260410;Zm00001eb261190;Zm00001eb370400;Zm00001eb377150;Zm00001eb411760;Zm00001eb433400;Zm00001eb015040;Zm00001eb113520;Zm00001eb297360;Zm00001eb319880;Zm00001eb005660;Zm00001eb054000,0.205141265,0.368631369
PWY-3781,aerobic respiration I (cytochrome c),313,Zm00001eb002930;Zm00001eb003330;Zm00001eb003340;Zm00001eb005350;Zm00001eb006340;Zm00001eb010330;Zm00001eb010650;Zm00001eb012150;Zm00001eb012970;Zm00001eb015140;Zm00001eb017160;Zm00001eb019320;Zm00001eb020380;Zm00001eb022250;Zm00001eb024070;Zm00001eb025240;Zm00001eb026270;Zm00001eb030480;Zm00001eb032320;Zm00001eb035240;Zm00001eb035760;Zm00001eb037450;Zm00001eb041380;Zm00001eb051000;Zm00001eb051590;Zm00001eb052140;Zm00001eb052880;Zm00001eb054890;Zm00001eb056880;Zm00001eb059190;Zm00001eb061240;Zm00001eb064660;Zm00001eb064700;Zm00001eb065320;Zm00001eb066310;Zm00001eb068230;Zm00001eb071750;Zm00001eb072800;Zm00001eb076040;Zm00001eb076830;Zm00001eb077530;Zm00001eb077560;Zm00001eb077800;Zm00001eb077810;Zm00001eb083670;Zm00001eb083880;Zm00001eb084830;Zm00001eb089000;Zm00001eb091520;Zm00001eb094630;Zm00001eb096090;Zm00001eb097140;Zm00001eb102980;Zm00001eb110010;Zm00001eb110890;Zm00001eb114380;Zm00001eb114390;Zm00001eb114710;Zm00001eb116480;Zm00001eb117060;Zm00001eb120840;Zm00001eb123290;Zm00001eb124470;Zm00001eb129580;Zm00001eb134810;Zm00001eb135310;Zm00001eb135860;Zm00001eb138240;Zm00001eb140440;Zm00001eb140740;Zm00001eb143560;Zm00001eb145540;Zm00001eb149620;Zm00001eb149700;Zm00001eb149920;Zm00001eb152880;Zm00001eb153890;Zm00001eb154870;Zm00001eb159630;Zm00001eb160750;Zm00001eb160780;Zm00001eb160990;Zm00001eb161900;Zm00001eb162670;Zm00001eb162760;Zm00001eb165250;Zm00001eb169040;Zm00001eb169670;Zm00001eb169740;Zm00001eb170200;Zm00001eb177750;Zm00001eb183560;Zm00001eb187950;Zm00001eb188450;Zm00001eb190450;Zm00001eb193500;Zm00001eb195620;Zm00001eb195840;Zm00001eb199070;Zm00001eb202110;Zm00001eb207310;Zm00001eb210420;Zm00001eb210970;Zm00001eb211680;Zm00001eb213020;Zm00001eb213580;Zm00001eb216830;Zm00001eb220980;Zm00001eb221840;Zm00001eb223430;Zm00001eb225250;Zm00001eb226290;Zm00001eb226830;Zm00001eb226970;Zm00001eb227360;Zm00001eb227540;Zm00001eb231080;Zm00001eb232880;Zm00001eb240180;Zm00001eb240930;Zm00001eb242680;Zm00001eb243540;Zm00001eb243740;Zm00001eb243850;Zm00001eb247440;Zm00001eb249870;Zm00001eb250660;Zm00001eb251420;Zm00001eb253220;Zm00001eb253570;Zm00001eb254360;Zm00001eb258980;Zm00001eb259440;Zm00001eb260040;Zm00001eb260770;Zm00001eb264840;Zm00001eb266810;Zm00001eb268800;Zm00001eb276220;Zm00001eb276940;Zm00001eb277960;Zm00001eb278240;Zm00001eb279350;Zm00001eb279920;Zm00001eb280270;Zm00001eb281640;Zm00001eb284850;Zm00001eb285330;Zm00001eb287910;Zm00001eb288260;Zm00001eb293000;Zm00001eb293520;Zm00001eb293980;Zm00001eb296450;Zm00001eb296600;Zm00001eb297450;Zm00001eb297580;Zm00001eb298470;Zm00001eb300690;Zm00001eb303920;Zm00001eb305370;Zm00001eb305620;Zm00001eb306130;Zm00001eb306710;Zm00001eb308960;Zm00001eb309720;Zm00001eb309960;Zm00001eb312400;Zm00001eb312530;Zm00001eb315860;Zm00001eb316210;Zm00001eb317070;Zm00001eb326090;Zm00001eb327600;Zm00001eb328240;Zm00001eb328630;Zm00001eb329770;Zm00001eb330270;Zm00001eb333280;Zm00001eb333410;Zm00001eb336860;Zm00001eb344620;Zm00001eb345080;Zm00001eb345230;Zm00001eb348250;Zm00001eb349000;Zm00001eb353160;Zm00001eb357910;Zm00001eb358050;Zm00001eb359350;Zm00001eb363330;Zm00001eb364980;Zm00001eb370280;Zm00001eb372370;Zm00001eb372540;Zm00001eb372990;Zm00001eb374510;Zm00001eb374520;Zm00001eb377380;Zm00001eb378710;Zm00001eb387760;Zm00001eb388320;Zm00001eb390310;Zm00001eb396480;Zm00001eb399230;Zm00001eb401590;Zm00001eb402420;Zm00001eb403530;Zm00001eb404930;Zm00001eb405990;Zm00001eb406960;Zm00001eb411060;Zm00001eb413360;Zm00001eb417050;Zm00001eb418010;Zm00001eb420510;Zm00001eb422180;Zm00001eb422810;Zm00001eb422990;Zm00001eb423020;Zm00001eb424400;Zm00001eb424590;Zm00001eb424980;Zm00001eb426720;Zm00001eb431340;Zm00001eb433270;Zm00001eb433480;Zm00001eb434250;Zm00001eb001400;Zm00001eb002320;Zm00001eb008370;Zm00001eb015010;Zm00001eb024750;Zm00001eb025210;Zm00001eb034850;Zm00001eb039390;Zm00001eb039670;Zm00001eb041720;Zm00001eb053240;Zm00001eb053260;Zm00001eb055050;Zm00001eb059090;Zm00001eb102230;Zm00001eb105410;Zm00001eb108030;Zm00001eb110430;Zm00001eb129380;Zm00001eb140660;Zm00001eb151060;Zm00001eb154640;Zm00001eb179550;Zm00001eb187490;Zm00001eb213750;Zm00001eb216210;Zm00001eb224900;Zm00001eb224990;Zm00001eb241770;Zm00001eb242800;Zm00001eb258880;Zm00001eb290200;Zm00001eb290920;Zm00001eb292370;Zm00001eb316630;Zm00001eb321910;Zm00001eb325880;Zm00001eb329150;Zm00001eb329270;Zm00001eb332510;Zm00001eb361610;Zm00001eb362760;Zm00001eb368480;Zm00001eb369670;Zm00001eb370910;Zm00001eb394340;Zm00001eb395850;Zm00001eb401250;Zm00001eb416000;Zm00001eb422230;Zm00001eb375150;Zm00001eb315360;Zm00001eb299550;Zm00001eb261270;Zm00001eb229330;Zm00001eb221180;Zm00001eb175570;Zm00001eb173490;Zm00001eb117970;Zm00001eb100150;Zm00001eb097190;Zm00001eb071910;Zm00001eb044740;Zm00001eb018220;Zm00001eb008490;Zm00001eb039620;Zm00001eb040430;Zm00001eb114840;Zm00001eb176210;Zm00001eb187520;Zm00001eb258710;Zm00001eb308640;Zm00001eb361310;Zm00001eb392200;Zm00001eb400330;Zm00001eb421460;Zm00001eb362360;Zm00001eb329260;Zm00001eb293540;Zm00001eb242100;Zm00001eb185500;Zm00001eb140090;Zm00001eb121370;Zm00001eb095460;Zm00001eb084760,0.205182772,0.623376623
PWY-2981,diterpene phytoalexins precursors biosynthesis,22,Zm00001eb047160;Zm00001eb133200;Zm00001eb020060;Zm00001eb167060;Zm00001eb167130;Zm00001eb418340;Zm00001eb415420;Zm00001eb021200;Zm00001eb167120,0.214951938,0.374625375
LEU-DEG2-PWY,L-leucine degradation I,14,Zm00001eb265270;Zm00001eb355050;Zm00001eb196270;Zm00001eb333030;Zm00001eb099790;Zm00001eb249240;Zm00001eb249250;Zm00001eb031330;Zm00001eb179170;Zm00001eb009540;Zm00001eb017520;Zm00001eb022930;Zm00001eb074240;Zm00001eb404340,0.215264926,0.32967033
PWY-7193,pyrimidine ribonucleosides salvage I,12,Zm00001eb036480;Zm00001eb102380;Zm00001eb135540;Zm00001eb139240;Zm00001eb210120;Zm00001eb229170;Zm00001eb241070;Zm00001eb252250;Zm00001eb420330;Zm00001eb420350;Zm00001eb155060;Zm00001eb361370,0.218518524,0.317682318
PWY-6952,glycerophosphodiester degradation,21,Zm00001eb419210;Zm00001eb034650;Zm00001eb036910;Zm00001eb050070;Zm00001eb085150;Zm00001eb167850;Zm00001eb183390;Zm00001eb199730;Zm00001eb206420;Zm00001eb234640;Zm00001eb241920;Zm00001eb245640;Zm00001eb246610;Zm00001eb326890;Zm00001eb327550;Zm00001eb335510;Zm00001eb335530;Zm00001eb335550;Zm00001eb360630;Zm00001eb370370;Zm00001eb424720,0.219545821,0.37962038
PWY-5129,sphingolipid biosynthesis (plants),53,Zm00001eb083260;Zm00001eb109800;Zm00001eb157880;Zm00001eb169810;Zm00001eb188440;Zm00001eb191570;Zm00001eb201760;Zm00001eb254570;Zm00001eb272320;Zm00001eb279640;Zm00001eb292140;Zm00001eb359530;Zm00001eb372420;Zm00001eb427640;Zm00001eb367080;Zm00001eb324260;Zm00001eb172780;Zm00001eb135180;Zm00001eb043540;Zm00001eb098340;Zm00001eb162340;Zm00001eb162350;Zm00001eb310330;Zm00001eb032500;Zm00001eb059630;Zm00001eb137020;Zm00001eb147900;Zm00001eb289400;Zm00001eb367670;Zm00001eb010860;Zm00001eb023770;Zm00001eb085250;Zm00001eb089170;Zm00001eb089180;Zm00001eb093690;Zm00001eb113010;Zm00001eb167610;Zm00001eb168600;Zm00001eb168990;Zm00001eb170230;Zm00001eb170240;Zm00001eb176610;Zm00001eb178340;Zm00001eb306880;Zm00001eb326110;Zm00001eb326120;Zm00001eb363730;Zm00001eb385270;Zm00001eb393370;Zm00001eb398510;Zm00001eb433790;Zm00001eb251870;Zm00001eb188220,0.222898371,0.463536464
PWY-6019,pseudouridine degradation,3,Zm00001eb346550;Zm00001eb016190;Zm00001eb251060,0.226972063,0.267732268
PWY-5147,oleate biosynthesis I (plants),41,Zm00001eb434030;Zm00001eb417150;Zm00001eb407800;Zm00001eb404990;Zm00001eb393760;Zm00001eb376490;Zm00001eb201940;Zm00001eb200870;Zm00001eb196590;Zm00001eb195860;Zm00001eb158030;Zm00001eb156790;Zm00001eb156650;Zm00001eb153400;Zm00001eb152410;Zm00001eb119050;Zm00001eb093590;Zm00001eb083110;Zm00001eb023370;Zm00001eb023380;Zm00001eb094620;Zm00001eb102360;Zm00001eb270390;Zm00001eb277000;Zm00001eb301690;Zm00001eb317680;Zm00001eb358530;Zm00001eb377350;Zm00001eb385960;Zm00001eb433280;Zm00001eb025490;Zm00001eb026580;Zm00001eb085820;Zm00001eb143300;Zm00001eb225510;Zm00001eb317790;Zm00001eb364580;Zm00001eb366200;Zm00001eb405090;Zm00001eb413570;Zm00001eb420640,0.236389535,0.45954046
PWY-3801,sucrose degradation II (sucrose synthase),26,Zm00001eb054980;Zm00001eb159720;Zm00001eb216260;Zm00001eb274560;Zm00001eb306410;Zm00001eb308980;Zm00001eb328120;Zm00001eb059230;Zm00001eb101090;Zm00001eb315420;Zm00001eb104400;Zm00001eb185890;Zm00001eb230070;Zm00001eb320800;Zm00001eb351780;Zm00001eb354740;Zm00001eb272890;Zm00001eb226930;Zm00001eb215830;Zm00001eb050040;Zm00001eb144910;Zm00001eb147840;Zm00001eb230560;Zm00001eb260710;Zm00001eb365810;Zm00001eb372200,0.238075782,0.417582418
PWY-2582,brassinolide biosynthesis II,17,Zm00001eb002360;Zm00001eb120890;Zm00001eb284090;Zm00001eb424320;Zm00001eb052660;Zm00001eb093140;Zm00001eb196530;Zm00001eb009730;Zm00001eb080110,0.247211417,0.38961039
PWY-5046,2-oxoisovalerate decarboxylation to isobutanoyl-CoA,15,Zm00001eb340900;Zm00001eb340590;Zm00001eb282480;Zm00001eb131070;Zm00001eb130640;Zm00001eb203040;Zm00001eb109870;Zm00001eb117100;Zm00001eb208950;Zm00001eb248420;Zm00001eb311360;Zm00001eb409040,0.247404005,0.331668332
PWY-3941,&beta;-alanine biosynthesis II,1,Zm00001eb311650,0.26049,0.247752248
PWY-699,brassinolide biosynthesis I,16,Zm00001eb002360;Zm00001eb120890;Zm00001eb284090;Zm00001eb424320;Zm00001eb052660;Zm00001eb093140;Zm00001eb196530;Zm00001eb009730;Zm00001eb080110,0.262013262,0.347652348
PWY-2261,ascorbate glutathione cycle,30,Zm00001eb013080;Zm00001eb028900;Zm00001eb035440;Zm00001eb055480;Zm00001eb071800;Zm00001eb082560;Zm00001eb102190;Zm00001eb112040;Zm00001eb202790;Zm00001eb243590;Zm00001eb294460;Zm00001eb315550;Zm00001eb397180;Zm00001eb408280;Zm00001eb413440;Zm00001eb419790;Zm00001eb094310;Zm00001eb097680;Zm00001eb121020;Zm00001eb163210;Zm00001eb165750;Zm00001eb266260;Zm00001eb279790;Zm00001eb284170;Zm00001eb337720;Zm00001eb354400;Zm00001eb355540;Zm00001eb355550;Zm00001eb394040;Zm00001eb410500,0.262808028,0.453546454
PWY-6724,starch degradation II,2,Zm00001eb042540,0.27624,0.247752248
PWY-6235,hydroxyjasmonate sulfate biosynthesis,2,Zm00001eb122840;Zm00001eb187390,0.279689125,0.24975025
GLUTAMATE-DEG1-PWY,L-glutamate degradation I,2,Zm00001eb427810;Zm00001eb060520,0.283640179,0.285714286
PWY-6803,phosphatidylcholine acyl editing,94,Zm00001eb016740;Zm00001eb017530;Zm00001eb023740;Zm00001eb031750;Zm00001eb070790;Zm00001eb106120;Zm00001eb121780;Zm00001eb141920;Zm00001eb146430;Zm00001eb155120;Zm00001eb158350;Zm00001eb158360;Zm00001eb165770;Zm00001eb169300;Zm00001eb172940;Zm00001eb174090;Zm00001eb186220;Zm00001eb196570;Zm00001eb221940;Zm00001eb249230;Zm00001eb260480;Zm00001eb266650;Zm00001eb266660;Zm00001eb271290;Zm00001eb287830;Zm00001eb289220;Zm00001eb296540;Zm00001eb305700;Zm00001eb313890;Zm00001eb318230;Zm00001eb322860;Zm00001eb330150;Zm00001eb350800;Zm00001eb355690;Zm00001eb359360;Zm00001eb365620;Zm00001eb408870;Zm00001eb083110;Zm00001eb093590;Zm00001eb119050;Zm00001eb152410;Zm00001eb153400;Zm00001eb156650;Zm00001eb156790;Zm00001eb158030;Zm00001eb195860;Zm00001eb196590;Zm00001eb200870;Zm00001eb201940;Zm00001eb376490;Zm00001eb393760;Zm00001eb404990;Zm00001eb407800;Zm00001eb417150;Zm00001eb434030;Zm00001eb011000;Zm00001eb011380;Zm00001eb019170;Zm00001eb025570;Zm00001eb031610;Zm00001eb038250;Zm00001eb038270;Zm00001eb038280;Zm00001eb038290;Zm00001eb050700;Zm00001eb050710;Zm00001eb054510;Zm00001eb059800;Zm00001eb096390;Zm00001eb096400;Zm00001eb096490;Zm00001eb100970;Zm00001eb115060;Zm00001eb115140;Zm00001eb115150;Zm00001eb120460;Zm00001eb124520;Zm00001eb135980;Zm00001eb140460;Zm00001eb166850;Zm00001eb190580;Zm00001eb197570;Zm00001eb200100;Zm00001eb224740;Zm00001eb259550;Zm00001eb299880;Zm00001eb250480;Zm00001eb363580;Zm00001eb403520;Zm00001eb433110,0.289262892,0.624375624
PWY-702,L-methionine biosynthesis II,5,Zm00001eb322650;Zm00001eb032290;Zm00001eb052750;Zm00001eb218320;Zm00001eb221530,0.295049135,0.317682318
PWY-5957,L-nicotianamine biosynthesis,9,Zm00001eb014680;Zm00001eb014700;Zm00001eb052890;Zm00001eb218440;Zm00001eb396110;Zm00001eb396120;Zm00001eb396230;Zm00001eb396250;Zm00001eb396280,0.295250236,0.365634366
SERSYN-PWY,L-serine biosynthesis I,6,Zm00001eb040890;Zm00001eb068270;Zm00001eb097200;Zm00001eb389520;Zm00001eb432330;Zm00001eb004390,0.30759838,0.348651349
PWY-7197,pyrimidine deoxyribonucleotide phosphorylation,12,Zm00001eb345550;Zm00001eb321790;Zm00001eb297860;Zm00001eb081910;Zm00001eb023820;Zm00001eb109870;Zm00001eb131070;Zm00001eb208950;Zm00001eb248420;Zm00001eb282480;Zm00001eb311360;Zm00001eb340590,0.311477309,0.367632368
PWY-6502,8-oxo-(d)GTP detoxification I,1,Zm00001eb434200,0.31277,0.273726274
PWY-7101,5-deoxystrigol biosynthesis,7,Zm00001eb153000;Zm00001eb074640;Zm00001eb114700;Zm00001eb260820;Zm00001eb381060;Zm00001eb417120;Zm00001eb422930,0.313711007,0.35964036
PWY-6527,stachyose degradation,21,Zm00001eb104400;Zm00001eb185890;Zm00001eb230070;Zm00001eb320800;Zm00001eb351780;Zm00001eb354740;Zm00001eb272890;Zm00001eb226930;Zm00001eb215830;Zm00001eb063430;Zm00001eb033870;Zm00001eb033880;Zm00001eb033890;Zm00001eb016850;Zm00001eb042670;Zm00001eb309880;Zm00001eb319250;Zm00001eb301000,0.322582283,0.454545455
PWY-1422,vitamin E biosynthesis (tocopherols),15,Zm00001eb041500;Zm00001eb138830;Zm00001eb251860;Zm00001eb392270;Zm00001eb237270;Zm00001eb031790;Zm00001eb107520;Zm00001eb389370;Zm00001eb232960;Zm00001eb304950,0.325850117,0.468531469
PWY-6039,chlorogenic acid biosynthesis I,35,Zm00001eb001420;Zm00001eb048540;Zm00001eb094980;Zm00001eb124660;Zm00001eb150550;Zm00001eb291460;Zm00001eb101680;Zm00001eb199470;Zm00001eb199490;Zm00001eb263020;Zm00001eb271480;Zm00001eb416160;Zm00001eb180060;Zm00001eb147650;Zm00001eb260630;Zm00001eb313190;Zm00001eb347850;Zm00001eb367240;Zm00001eb038890;Zm00001eb078220;Zm00001eb098190;Zm00001eb124150;Zm00001eb124170;Zm00001eb124190;Zm00001eb125070;Zm00001eb134960;Zm00001eb186310;Zm00001eb246860;Zm00001eb268400,0.327432694,0.532467532
PWY-7985,oxalate degradation VI,12,Zm00001eb045840;Zm00001eb365520;Zm00001eb017500;Zm00001eb155110;Zm00001eb336870;Zm00001eb381790;Zm00001eb053990;Zm00001eb109380;Zm00001eb208450;Zm00001eb222940;Zm00001eb358390;Zm00001eb382240,0.33314124,0.42957043
NONOXIPENT-PWY,pentose phosphate pathway (non-oxidative branch) I,15,Zm00001eb029080;Zm00001eb162780;Zm00001eb213570;Zm00001eb301210;Zm00001eb005330;Zm00001eb317710;Zm00001eb402390;Zm00001eb086870;Zm00001eb378030;Zm00001eb389880;Zm00001eb142730;Zm00001eb172680;Zm00001eb363880,0.333175324,0.456543457
PWY-1801,formaldehyde oxidation II (glutathione-dependent),4,Zm00001eb054970;Zm00001eb258770;Zm00001eb141600;Zm00001eb363240,0.337334668,0.338661339
TRIGLSYN-PWY,diacylglycerol and triacylglycerol biosynthesis,57,Zm00001eb331670;Zm00001eb314300;Zm00001eb258680;Zm00001eb148010;Zm00001eb100310;Zm00001eb037190;Zm00001eb102970;Zm00001eb115270;Zm00001eb151440;Zm00001eb166180;Zm00001eb220920;Zm00001eb292040;Zm00001eb005110;Zm00001eb025080;Zm00001eb048150;Zm00001eb056370;Zm00001eb063420;Zm00001eb115970;Zm00001eb127520;Zm00001eb136910;Zm00001eb147550;Zm00001eb159140;Zm00001eb173160;Zm00001eb224960;Zm00001eb289580;Zm00001eb323170;Zm00001eb347840;Zm00001eb351250;Zm00001eb358940;Zm00001eb396350;Zm00001eb108680;Zm00001eb131690;Zm00001eb156680;Zm00001eb188900;Zm00001eb277490;Zm00001eb284200;Zm00001eb295350;Zm00001eb381970;Zm00001eb417470;Zm00001eb013250;Zm00001eb042920;Zm00001eb061460;Zm00001eb097940;Zm00001eb157460;Zm00001eb166810;Zm00001eb186700;Zm00001eb188310;Zm00001eb212610;Zm00001eb252000;Zm00001eb272460;Zm00001eb289800;Zm00001eb294840;Zm00001eb309560;Zm00001eb335600;Zm00001eb359710;Zm00001eb360740,0.344926767,0.614385614
PWY-7343,UDP-&alpha;-D-glucose biosynthesis,16,Zm00001eb054980;Zm00001eb159720;Zm00001eb216260;Zm00001eb274560;Zm00001eb306410;Zm00001eb308980;Zm00001eb328120;Zm00001eb104400;Zm00001eb185890;Zm00001eb230070;Zm00001eb320800;Zm00001eb351780;Zm00001eb354740;Zm00001eb272890;Zm00001eb226930;Zm00001eb215830,0.349663094,0.464535465
PWY-641,proanthocyanidins biosynthesis from flavanols,9,Zm00001eb148960;Zm00001eb166520;Zm00001eb202090;Zm00001eb229190;Zm00001eb265150;Zm00001eb281800;Zm00001eb287000;Zm00001eb368350;Zm00001eb326840,0.352785563,0.381618382
PWY-3821,D-galactose detoxification,9,Zm00001eb016850;Zm00001eb042670;Zm00001eb309880;Zm00001eb319250;Zm00001eb301000;Zm00001eb272890;Zm00001eb226930;Zm00001eb215830;Zm00001eb063430,0.365291723,0.435564436
PWY-6237,nucleobase ascorbate transport I,3,Zm00001eb021020;Zm00001eb053710,0.368571175,0.367632368
UDPNACETYLGALSYN-PWY,UDP-<i>N</i>-acetyl-D-glucosamine biosynthesis II,22,Zm00001eb121400;Zm00001eb153620;Zm00001eb154520;Zm00001eb283530;Zm00001eb353560;Zm00001eb059230;Zm00001eb101090;Zm00001eb315420;Zm00001eb010380;Zm00001eb018150;Zm00001eb070940;Zm00001eb085490;Zm00001eb188860;Zm00001eb413790;Zm00001eb430780;Zm00001eb272890;Zm00001eb226930;Zm00001eb215830;Zm00001eb119880;Zm00001eb189250;Zm00001eb163520;Zm00001eb405240,0.375732716,0.549450549
PWY-5080,very long chain fatty acid biosynthesis I,59,Zm00001eb124340;Zm00001eb335910;Zm00001eb351400;Zm00001eb373290;Zm00001eb321160;Zm00001eb211510;Zm00001eb104070;Zm00001eb088630;Zm00001eb335900;Zm00001eb001060;Zm00001eb017070;Zm00001eb022870;Zm00001eb120280;Zm00001eb124270;Zm00001eb183950;Zm00001eb201230;Zm00001eb246270;Zm00001eb307680;Zm00001eb378470;Zm00001eb381100;Zm00001eb391900;Zm00001eb420380;Zm00001eb004760;Zm00001eb006020;Zm00001eb008920;Zm00001eb010500;Zm00001eb018600;Zm00001eb026670;Zm00001eb034600;Zm00001eb036660;Zm00001eb046050;Zm00001eb047970;Zm00001eb054140;Zm00001eb057000;Zm00001eb071110;Zm00001eb096730;Zm00001eb100700;Zm00001eb134130;Zm00001eb162960;Zm00001eb162970;Zm00001eb167740;Zm00001eb179050;Zm00001eb183070;Zm00001eb190120;Zm00001eb222980;Zm00001eb240620;Zm00001eb258610;Zm00001eb296230;Zm00001eb296590;Zm00001eb310760;Zm00001eb318810;Zm00001eb341960;Zm00001eb343740;Zm00001eb344070;Zm00001eb379940;Zm00001eb385870;Zm00001eb398750;Zm00001eb400910;Zm00001eb413860,0.376970765,0.666333666
DTDPRHAMSYN-PWY,dTDP-&beta;-L-rhamnose biosynthesis,9,Zm00001eb054980;Zm00001eb159720;Zm00001eb216260;Zm00001eb274560;Zm00001eb306410;Zm00001eb308980;Zm00001eb328120;Zm00001eb250610,0.37727325,0.43956044
PWY-8346,GABA shunt II,19,Zm00001eb329710;Zm00001eb182460;Zm00001eb207050;Zm00001eb233300;Zm00001eb037690;Zm00001eb055490;Zm00001eb081550;Zm00001eb081600;Zm00001eb399220;Zm00001eb070860;Zm00001eb091810;Zm00001eb171190;Zm00001eb187830;Zm00001eb193020;Zm00001eb233590;Zm00001eb233600;Zm00001eb281980;Zm00001eb339140;Zm00001eb430840,0.392770355,0.522477522
PWY-6546,brassinosteroids inactivation,38,Zm00001eb018030;Zm00001eb018040;Zm00001eb043560;Zm00001eb074970;Zm00001eb105440;Zm00001eb110040;Zm00001eb110050;Zm00001eb122680;Zm00001eb131350;Zm00001eb142240;Zm00001eb205510;Zm00001eb235360;Zm00001eb278380;Zm00001eb278390;Zm00001eb328620;Zm00001eb329380;Zm00001eb338600;Zm00001eb394140;Zm00001eb394150,0.395848387,0.621378621
PWY-2841,cytokinins degradation,3,Zm00001eb205180;Zm00001eb151670,0.397388705,0.401598402
PWY-6577,farnesylcysteine salvage pathway,4,Zm00001eb194970;Zm00001eb368390;Zm00001eb433170;Zm00001eb434510,0.405921799,0.41958042
PWY-5034,gibberellin A<sub>12</sub> biosynthesis,12,Zm00001eb012940;Zm00001eb397820;Zm00001eb385070;Zm00001eb385100,0.412802427,0.513486513
MANNOSYL-CHITO-DOLICHOL-BIOSYNTHESIS,protein <i>N</i>-glycosylation initial phase (eukaryotic),31,Zm00001eb062720;Zm00001eb059180;Zm00001eb062940;Zm00001eb078080;Zm00001eb251030;Zm00001eb015730;Zm00001eb179060;Zm00001eb286130;Zm00001eb396150;Zm00001eb120330;Zm00001eb229730;Zm00001eb368620;Zm00001eb075160;Zm00001eb229670;Zm00001eb122900;Zm00001eb030250;Zm00001eb072460;Zm00001eb005970;Zm00001eb307610;Zm00001eb401770;Zm00001eb421280;Zm00001eb058290;Zm00001eb264580;Zm00001eb272600;Zm00001eb380920;Zm00001eb110840;Zm00001eb329870,0.415108,0.62037962
PWY-101,photosynthesis light reactions,23,Zm00001eb022040;Zm00001eb056210;Zm00001eb083680;Zm00001eb213670;Zm00001eb320280;Zm00001eb105240;Zm00001eb204410;Zm00001eb238370;Zm00001eb255910;Zm00001eb035340;Zm00001eb124300;Zm00001eb138680;Zm00001eb150500;Zm00001eb151750;Zm00001eb159760;Zm00001eb244980;Zm00001eb298270;Zm00001eb309200;Zm00001eb330460;Zm00001eb335940;Zm00001eb336410;Zm00001eb358300;Zm00001eb419650,0.420233032,0.598401598
PWY-6607,guanosine nucleotides degradation I,8,Zm00001eb021020;Zm00001eb361250;Zm00001eb333800;Zm00001eb313430;Zm00001eb302930;Zm00001eb218510;Zm00001eb155170;Zm00001eb059100,0.420895089,0.437562438
PWY-5340,sulfate activation for sulfonation,10,Zm00001eb107420;Zm00001eb166390;Zm00001eb325100;Zm00001eb400760;Zm00001eb049210;Zm00001eb056910;Zm00001eb089390;Zm00001eb215080;Zm00001eb363680;Zm00001eb402870,0.425085566,0.5004995
PWY-5980,xylogalacturonan biosynthesis,33,Zm00001eb000640;Zm00001eb015460;Zm00001eb041280;Zm00001eb076450;Zm00001eb084750;Zm00001eb125940;Zm00001eb142640;Zm00001eb142710;Zm00001eb142720;Zm00001eb143200;Zm00001eb147610;Zm00001eb150150;Zm00001eb158790;Zm00001eb163690;Zm00001eb191760;Zm00001eb206440;Zm00001eb214150;Zm00001eb234610;Zm00001eb247030;Zm00001eb294800;Zm00001eb294810;Zm00001eb302320;Zm00001eb324570;Zm00001eb334360;Zm00001eb342840;Zm00001eb363850;Zm00001eb363870;Zm00001eb375160;Zm00001eb395470;Zm00001eb402120;Zm00001eb404300;Zm00001eb405560;Zm00001eb433370,0.431894041,0.655344655
PWY-5049,rosmarinic acid biosynthesis II,1,Zm00001eb027920,0.43234,0.386613387
GLUTAMINDEG-PWY,L-glutamine degradation I,54,Zm00001eb272970;Zm00001eb013430;Zm00001eb029510;Zm00001eb036060;Zm00001eb036070;Zm00001eb103520;Zm00001eb103530;Zm00001eb163240;Zm00001eb349970;Zm00001eb349980;Zm00001eb380080;Zm00001eb396990;Zm00001eb011670;Zm00001eb055320;Zm00001eb063220;Zm00001eb066090;Zm00001eb080510;Zm00001eb211420;Zm00001eb232460;Zm00001eb160030;Zm00001eb188530;Zm00001eb252240;Zm00001eb356970;Zm00001eb218450;Zm00001eb021930;Zm00001eb063460;Zm00001eb156610;Zm00001eb179950;Zm00001eb279170;Zm00001eb295210;Zm00001eb295220;Zm00001eb329810;Zm00001eb329820;Zm00001eb360480;Zm00001eb068770;Zm00001eb087630;Zm00001eb197630;Zm00001eb197940;Zm00001eb321360;Zm00001eb011150;Zm00001eb081410;Zm00001eb137100;Zm00001eb158100;Zm00001eb162140;Zm00001eb296480;Zm00001eb344260;Zm00001eb358270;Zm00001eb359410;Zm00001eb434370;Zm00001eb118250;Zm00001eb182150;Zm00001eb208970;Zm00001eb298350;Zm00001eb329710,0.435977226,0.72027972
PWY-4321,L-glutamate degradation IV,33,Zm00001eb174190;Zm00001eb182460;Zm00001eb260390;Zm00001eb270900;Zm00001eb282680;Zm00001eb070860;Zm00001eb091810;Zm00001eb171190;Zm00001eb187830;Zm00001eb193020;Zm00001eb233590;Zm00001eb233600;Zm00001eb281980;Zm00001eb339140;Zm00001eb430840;Zm00001eb207050;Zm00001eb233300;Zm00001eb037690;Zm00001eb055490;Zm00001eb081550;Zm00001eb081600;Zm00001eb399220,0.436642655,0.643356643
PWY-361,phenylpropanoid biosynthesis,53,Zm00001eb282670;Zm00001eb001420;Zm00001eb048540;Zm00001eb094980;Zm00001eb124660;Zm00001eb150550;Zm00001eb291460;Zm00001eb147650;Zm00001eb260630;Zm00001eb313190;Zm00001eb347850;Zm00001eb367240;Zm00001eb038890;Zm00001eb078220;Zm00001eb098190;Zm00001eb124150;Zm00001eb124170;Zm00001eb124190;Zm00001eb125070;Zm00001eb134960;Zm00001eb186310;Zm00001eb246860;Zm00001eb268400;Zm00001eb180060;Zm00001eb043700;Zm00001eb220390;Zm00001eb101680;Zm00001eb199470;Zm00001eb199490;Zm00001eb263020;Zm00001eb271480;Zm00001eb416160;Zm00001eb316930;Zm00001eb316940;Zm00001eb388010;Zm00001eb316910;Zm00001eb316920;Zm00001eb374630;Zm00001eb385010;Zm00001eb002380;Zm00001eb004210;Zm00001eb040790;Zm00001eb178360;Zm00001eb187910;Zm00001eb233720;Zm00001eb298620;Zm00001eb389420,0.446596829,0.743256743
PWY-5035,gibberellin biosynthesis III (early C-13 hydroxylation),18,Zm00001eb079790;Zm00001eb122500;Zm00001eb283020;Zm00001eb064970;Zm00001eb145600;Zm00001eb219040;Zm00001eb366090;Zm00001eb015820;Zm00001eb111610;Zm00001eb195520,0.451418932,0.588411588
PWY-5667,CDP-diacylglycerol biosynthesis I,29,Zm00001eb005110;Zm00001eb025080;Zm00001eb048150;Zm00001eb056370;Zm00001eb063420;Zm00001eb115970;Zm00001eb127520;Zm00001eb136910;Zm00001eb147550;Zm00001eb159140;Zm00001eb173160;Zm00001eb224960;Zm00001eb289580;Zm00001eb323170;Zm00001eb347840;Zm00001eb351250;Zm00001eb358940;Zm00001eb396350;Zm00001eb102970;Zm00001eb115270;Zm00001eb151440;Zm00001eb166180;Zm00001eb220920;Zm00001eb292040;Zm00001eb098040;Zm00001eb152600;Zm00001eb201720;Zm00001eb208740;Zm00001eb370580,0.451853732,0.658341658
PWY-5690,TCA cycle II (plants and fungi),57,Zm00001eb018220;Zm00001eb044740;Zm00001eb071910;Zm00001eb097190;Zm00001eb100150;Zm00001eb117970;Zm00001eb173490;Zm00001eb175570;Zm00001eb221180;Zm00001eb229330;Zm00001eb261270;Zm00001eb299550;Zm00001eb315360;Zm00001eb375150;Zm00001eb422230;Zm00001eb041400;Zm00001eb045790;Zm00001eb059070;Zm00001eb074700;Zm00001eb158270;Zm00001eb179730;Zm00001eb296550;Zm00001eb304640;Zm00001eb328310;Zm00001eb373750;Zm00001eb220780;Zm00001eb321980;Zm00001eb013290;Zm00001eb183760;Zm00001eb246080;Zm00001eb332780;Zm00001eb424940;Zm00001eb002960;Zm00001eb089800;Zm00001eb105870;Zm00001eb171440;Zm00001eb394900;Zm00001eb402710;Zm00001eb419110;Zm00001eb206090;Zm00001eb206100;Zm00001eb236450;Zm00001eb239300;Zm00001eb107590;Zm00001eb247500;Zm00001eb277730;Zm00001eb283930;Zm00001eb325420;Zm00001eb016240;Zm00001eb165980,0.453452865,0.731268731
PWY-6599,guanine and guanosine salvage II,1,Zm00001eb096030,0.46075,0.454545455
PWY-5138,"fatty acid &beta;-oxidation IV (unsaturated, even number)",26,Zm00001eb088630;Zm00001eb104070;Zm00001eb211510;Zm00001eb321160;Zm00001eb373290;Zm00001eb023080;Zm00001eb116970;Zm00001eb203470;Zm00001eb237380;Zm00001eb237390;Zm00001eb249240;Zm00001eb249250;Zm00001eb285730;Zm00001eb318240;Zm00001eb340720;Zm00001eb409740;Zm00001eb120380;Zm00001eb293360;Zm00001eb338180;Zm00001eb423650,0.460993551,0.633366633
PWY-5136,fatty acid &beta;-oxidation II (plant peroxisome),25,Zm00001eb016980;Zm00001eb123620;Zm00001eb148110;Zm00001eb167230;Zm00001eb200160;Zm00001eb259720;Zm00001eb282120;Zm00001eb334170;Zm00001eb376020;Zm00001eb379490;Zm00001eb258950;Zm00001eb231150;Zm00001eb222320;Zm00001eb037560;Zm00001eb023080;Zm00001eb116970;Zm00001eb203470;Zm00001eb237380;Zm00001eb237390;Zm00001eb249240;Zm00001eb249250;Zm00001eb285730;Zm00001eb318240;Zm00001eb340720;Zm00001eb409740,0.462356539,0.618381618
POLYAMINSYN3-PWY,superpathway of polyamine biosynthesis II,3,Zm00001eb204260;Zm00001eb230230;Zm00001eb383120,0.465668568,0.457542458
PWY4FS-2,phosphatidylcholine biosynthesis II,15,Zm00001eb230240;Zm00001eb278650;Zm00001eb386530;Zm00001eb025170;Zm00001eb172180;Zm00001eb233270;Zm00001eb415600;Zm00001eb045860;Zm00001eb148100;Zm00001eb149130;Zm00001eb155940;Zm00001eb221850;Zm00001eb294690;Zm00001eb341430;Zm00001eb360800,0.468673909,0.573426573
PWY-5995,linoleate biosynthesis I (plants),1,Zm00001eb041150,0.47277,0.475524476
PWY66-423,"fructose 2,6-bisphosphate biosynthesis",3,Zm00001eb013550;Zm00001eb282250,0.475625464,0.482517483
PWY-5486,pyruvate fermentation to ethanol II,14,Zm00001eb351810;Zm00001eb336190;Zm00001eb331530;Zm00001eb303340;Zm00001eb013520;Zm00001eb258770;Zm00001eb185610;Zm00001eb168550;Zm00001eb056510;Zm00001eb054970;Zm00001eb026710;Zm00001eb026700;Zm00001eb006770;Zm00001eb006760,0.487630405,0.621378621
SULFMETII-PWY,assimilatory sulfate reduction II,9,Zm00001eb105800;Zm00001eb322440;Zm00001eb292100;Zm00001eb049210;Zm00001eb056910;Zm00001eb089390;Zm00001eb215080;Zm00001eb363680;Zm00001eb402870,0.493791946,0.559440559
PWY-8159,dipyrromethane cofactor biosynthesis,6,Zm00001eb207370;Zm00001eb233020,0.497797406,0.508491508
PWY1F-823,leucopelargonidin and leucocyanidin biosynthesis,9,Zm00001eb431510;Zm00001eb359030;Zm00001eb344520;Zm00001eb270500;Zm00001eb225320;Zm00001eb191320;Zm00001eb115330;Zm00001eb102000;Zm00001eb038160,0.498617344,0.569430569
PWY-6890,4-amino-2-methyl-5-diphosphomethylpyrimidine biosynthesis I,1,Zm00001eb051950,0.49864,0.492507493
PWY-7221,guanosine ribonucleotides <i>de novo</i> biosynthesis,7,Zm00001eb410890;Zm00001eb434370;Zm00001eb057300;Zm00001eb059650;Zm00001eb088850;Zm00001eb191350;Zm00001eb213620,0.500199197,0.553446553
PWY-7344,UDP-&alpha;-D-galactose biosynthesis,4,Zm00001eb016850;Zm00001eb042670;Zm00001eb309880;Zm00001eb319250,0.502545447,0.508491508
PWY-5704,urea degradation II,2,Zm00001eb118150;Zm00001eb372290,0.502626814,0.462537463
PWY-6291,valencene and 7-epi-&alpha;-selinene biosynthesis,2,Zm00001eb040180;Zm00001eb123110,0.503872119,0.478521479
PWY-5934,iron reduction and absorption,6,Zm00001eb052440;Zm00001eb217150;Zm00001eb217580;Zm00001eb318190;Zm00001eb352440;Zm00001eb081810,0.508150389,0.549450549
PWY-4661,1D-<i>myo</i>-inositol hexakisphosphate biosynthesis III (<i>Spirodela polyrrhiza</i>),21,Zm00001eb056490;Zm00001eb008360;Zm00001eb027730;Zm00001eb223960;Zm00001eb276490;Zm00001eb283240;Zm00001eb283250;Zm00001eb378070;Zm00001eb401220;Zm00001eb024800;Zm00001eb025670;Zm00001eb055860;Zm00001eb095940;Zm00001eb240900;Zm00001eb277720;Zm00001eb283940;Zm00001eb321190;Zm00001eb373440;Zm00001eb399350;Zm00001eb067500;Zm00001eb432760,0.523645806,0.663336663
PWY-6543,4-aminobenzoate biosynthesis I,3,Zm00001eb118930;Zm00001eb194920;Zm00001eb272970,0.523855059,0.516483516
PWY-6554,"1D-<i>myo</i>-inositol hexakisphosphate biosynthesis V (from Ins(1,3,4)P3)",32,Zm00001eb049690;Zm00001eb076370;Zm00001eb221960;Zm00001eb242280;Zm00001eb277740;Zm00001eb277760;Zm00001eb283920;Zm00001eb287040;Zm00001eb337080;Zm00001eb396850;Zm00001eb024800;Zm00001eb025670;Zm00001eb055860;Zm00001eb095940;Zm00001eb240900;Zm00001eb277720;Zm00001eb283940;Zm00001eb321190;Zm00001eb373440;Zm00001eb399350;Zm00001eb067500;Zm00001eb432760,0.526929401,0.739260739
PWY-5733,germacrene biosynthesis,4,Zm00001eb089110;Zm00001eb089360,0.531557382,0.537462537
PWY-5139,pelargonidin conjugates biosynthesis,4,Zm00001eb270530;Zm00001eb386000;Zm00001eb196550,0.532443182,0.581418581
PWY-5268,salvianin biosynthesis,4,Zm00001eb270530;Zm00001eb386000;Zm00001eb196550,0.532443182,0.551448551
PWY-6964,ammonia assimilation cycle II,14,Zm00001eb329710;Zm00001eb009090;Zm00001eb046790;Zm00001eb054990;Zm00001eb056640;Zm00001eb059870;Zm00001eb162900;Zm00001eb190340;Zm00001eb253820;Zm00001eb320250;Zm00001eb390320;Zm00001eb398810;Zm00001eb399860;Zm00001eb432580,0.533875485,0.638361638
ALACAT2-PWY,L-alanine degradation II (to D-lactate),11,Zm00001eb427810;Zm00001eb060520;Zm00001eb028030;Zm00001eb085390;Zm00001eb109370;Zm00001eb118240;Zm00001eb223670;Zm00001eb223680;Zm00001eb313780;Zm00001eb327530;Zm00001eb333090,0.543674789,0.629370629
PANTO-PWY,phosphopantothenate biosynthesis I,3,Zm00001eb319630;Zm00001eb339000;Zm00001eb064670,0.545812729,0.533466533
PWY-6164,3-dehydroquinate biosynthesis I,10,Zm00001eb018960;Zm00001eb040990;Zm00001eb109620;Zm00001eb164190;Zm00001eb199100;Zm00001eb218070;Zm00001eb284030;Zm00001eb367090;Zm00001eb103800;Zm00001eb331970,0.55598931,0.63036963
PWY-5125,anthocyanin biosynthesis,13,Zm00001eb148960;Zm00001eb166520;Zm00001eb202090;Zm00001eb229190;Zm00001eb265150;Zm00001eb281800;Zm00001eb287000;Zm00001eb368350;Zm00001eb107750;Zm00001eb196630;Zm00001eb240520;Zm00001eb322260;Zm00001eb374230,0.562995247,0.67032967
PWY-7489,"oryzalexin A, B, and C biosynthesis",2,Zm00001eb084370,0.57216,0.561438561
PWY-7280,ternatin C3 biosynthesis,2,Zm00001eb081590;Zm00001eb096780,0.573558323,0.56043956
PWY-6275,&beta;-caryophyllene biosynthesis,16,Zm00001eb016730;Zm00001eb017120;Zm00001eb020070;Zm00001eb041770;Zm00001eb089360;Zm00001eb278400;Zm00001eb394330;Zm00001eb414190;Zm00001eb416710,0.576601596,0.704295704
PWY-4381,fatty acid biosynthesis initiation (type II),6,Zm00001eb068760;Zm00001eb086810;Zm00001eb388640;Zm00001eb431950;Zm00001eb013760;Zm00001eb396720,0.57847306,0.612387612
PWY-4041,&gamma;-glutamyl cycle,8,Zm00001eb038750;Zm00001eb203890;Zm00001eb203900;Zm00001eb220190;Zm00001eb240870;Zm00001eb351560;Zm00001eb423540;Zm00001eb021240,0.583242075,0.623376623
PWY-5027,phylloquinol biosynthesis,7,Zm00001eb323980;Zm00001eb373110;Zm00001eb426240;Zm00001eb006830;Zm00001eb091660;Zm00001eb129540;Zm00001eb391950,0.585853377,0.64035964
PWY-6596,adenosine nucleotides degradation I,29,Zm00001eb021020;Zm00001eb021150;Zm00001eb127230;Zm00001eb136320;Zm00001eb165530;Zm00001eb333950;Zm00001eb349760;Zm00001eb096030;Zm00001eb361250;Zm00001eb333800;Zm00001eb313430;Zm00001eb302930;Zm00001eb218510;Zm00001eb155170;Zm00001eb059100;Zm00001eb057300;Zm00001eb059650;Zm00001eb088850;Zm00001eb191350;Zm00001eb213620;Zm00001eb286120;Zm00001eb331540,0.594077236,0.79020979
PWY-5925,hydroxylated mugineic acid phytosiderophore biosynthesis,3,Zm00001eb137930;Zm00001eb191220;Zm00001eb310440,0.594968781,0.612387612
LIPAS-PWY,triacylglycerol degradation,138,Zm00001eb017530;Zm00001eb027810;Zm00001eb055430;Zm00001eb089370;Zm00001eb108970;Zm00001eb120470;Zm00001eb131690;Zm00001eb155120;Zm00001eb216000;Zm00001eb266650;Zm00001eb266660;Zm00001eb284820;Zm00001eb311940;Zm00001eb317940;Zm00001eb327310;Zm00001eb355690;Zm00001eb410060;Zm00001eb339890;Zm00001eb321420;Zm00001eb280760;Zm00001eb257000;Zm00001eb211220;Zm00001eb144480;Zm00001eb137110;Zm00001eb005850;Zm00001eb005860;Zm00001eb016740;Zm00001eb023740;Zm00001eb031750;Zm00001eb038610;Zm00001eb046570;Zm00001eb047450;Zm00001eb049040;Zm00001eb062080;Zm00001eb065120;Zm00001eb076350;Zm00001eb077880;Zm00001eb087040;Zm00001eb113740;Zm00001eb121780;Zm00001eb127240;Zm00001eb153170;Zm00001eb154280;Zm00001eb158360;Zm00001eb164130;Zm00001eb169300;Zm00001eb172940;Zm00001eb184830;Zm00001eb186990;Zm00001eb187000;Zm00001eb190200;Zm00001eb191480;Zm00001eb195900;Zm00001eb202960;Zm00001eb202990;Zm00001eb210390;Zm00001eb221940;Zm00001eb224090;Zm00001eb228340;Zm00001eb228350;Zm00001eb228360;Zm00001eb228370;Zm00001eb229240;Zm00001eb233360;Zm00001eb234840;Zm00001eb234850;Zm00001eb236070;Zm00001eb237060;Zm00001eb245900;Zm00001eb249230;Zm00001eb252190;Zm00001eb252760;Zm00001eb254100;Zm00001eb258840;Zm00001eb260620;Zm00001eb260690;Zm00001eb266000;Zm00001eb268440;Zm00001eb270630;Zm00001eb271290;Zm00001eb275510;Zm00001eb275540;Zm00001eb276160;Zm00001eb278860;Zm00001eb280670;Zm00001eb287020;Zm00001eb287830;Zm00001eb288310;Zm00001eb289980;Zm00001eb293090;Zm00001eb299930;Zm00001eb301760;Zm00001eb305700;Zm00001eb307440;Zm00001eb309040;Zm00001eb311830;Zm00001eb327810;Zm00001eb330130;Zm00001eb330150;Zm00001eb331070;Zm00001eb331900;Zm00001eb337100;Zm00001eb350800;Zm00001eb351770;Zm00001eb353970;Zm00001eb357600;Zm00001eb361000;Zm00001eb365620;Zm00001eb368570;Zm00001eb370460;Zm00001eb372310;Zm00001eb379820;Zm00001eb384290;Zm00001eb395980;Zm00001eb411300;Zm00001eb425400;Zm00001eb426230;Zm00001eb428520;Zm00001eb429230;Zm00001eb429240,0.596487731,0.943056943
PWY-4541,"lipid-dependent phytate biosynthesis I (via Ins(1,4,5)P<sub>3</sub>)",22,Zm00001eb049690;Zm00001eb076370;Zm00001eb221960;Zm00001eb242280;Zm00001eb277740;Zm00001eb277760;Zm00001eb283920;Zm00001eb287040;Zm00001eb337080;Zm00001eb396850;Zm00001eb067500;Zm00001eb432760,0.597089645,0.776223776
ALANINE-SYN2-PWY,L-alanine biosynthesis II,9,Zm00001eb028030;Zm00001eb085390;Zm00001eb109370;Zm00001eb118240;Zm00001eb223670;Zm00001eb223680;Zm00001eb313780;Zm00001eb327530;Zm00001eb333090,0.606700805,0.67032967
CITRULBIO-PWY,L-citrulline biosynthesis,74,Zm00001eb272970;Zm00001eb013430;Zm00001eb029510;Zm00001eb036060;Zm00001eb036070;Zm00001eb103520;Zm00001eb103530;Zm00001eb163240;Zm00001eb349970;Zm00001eb349980;Zm00001eb380080;Zm00001eb396990;Zm00001eb011670;Zm00001eb055320;Zm00001eb063220;Zm00001eb066090;Zm00001eb080510;Zm00001eb211420;Zm00001eb232460;Zm00001eb160030;Zm00001eb188530;Zm00001eb252240;Zm00001eb356970;Zm00001eb218450;Zm00001eb021930;Zm00001eb063460;Zm00001eb156610;Zm00001eb179950;Zm00001eb279170;Zm00001eb295210;Zm00001eb295220;Zm00001eb329810;Zm00001eb329820;Zm00001eb360480;Zm00001eb068770;Zm00001eb087630;Zm00001eb197630;Zm00001eb197940;Zm00001eb321360;Zm00001eb011150;Zm00001eb081410;Zm00001eb137100;Zm00001eb158100;Zm00001eb162140;Zm00001eb296480;Zm00001eb344260;Zm00001eb358270;Zm00001eb359410;Zm00001eb434370;Zm00001eb118250;Zm00001eb182150;Zm00001eb208970;Zm00001eb298350;Zm00001eb329710;Zm00001eb022980;Zm00001eb391720;Zm00001eb289500;Zm00001eb347680;Zm00001eb367740;Zm00001eb001310;Zm00001eb001330;Zm00001eb126200;Zm00001eb188330;Zm00001eb216710;Zm00001eb252020;Zm00001eb255250;Zm00001eb257230;Zm00001eb403320;Zm00001eb419090;Zm00001eb050460;Zm00001eb418690,0.609811155,0.912087912
ASPARTATE-DEG1-PWY,L-aspartate degradation I,4,Zm00001eb146400;Zm00001eb152450;Zm00001eb238900;Zm00001eb348660,0.611199665,0.641358641
ASPARTATESYN-PWY,L-aspartate biosynthesis,4,Zm00001eb146400;Zm00001eb152450;Zm00001eb238900;Zm00001eb348660,0.611199665,0.633366633
PWY-3001,superpathway of L-isoleucine biosynthesis I,4,Zm00001eb146400;Zm00001eb152450;Zm00001eb238900;Zm00001eb348660,0.611199665,0.632367632
THRESYN-PWY,superpathway of L-threonine biosynthesis,4,Zm00001eb146400;Zm00001eb152450;Zm00001eb238900;Zm00001eb348660,0.611199665,0.619380619
PWY-6066,IAA biosynthesis VII,3,Zm00001eb111400;Zm00001eb294750;Zm00001eb305490,0.613927439,0.631368631
PWY-7980,ATP biosynthesis,29,Zm00001eb008610;Zm00001eb068780;Zm00001eb095390;Zm00001eb105270;Zm00001eb105860;Zm00001eb106630;Zm00001eb111070;Zm00001eb119630;Zm00001eb156500;Zm00001eb157850;Zm00001eb161180;Zm00001eb161770;Zm00001eb188600;Zm00001eb194350;Zm00001eb206930;Zm00001eb233450;Zm00001eb295050;Zm00001eb303030;Zm00001eb322600;Zm00001eb323620;Zm00001eb330190;Zm00001eb343030;Zm00001eb349790;Zm00001eb357940;Zm00001eb359540;Zm00001eb387680;Zm00001eb394860;Zm00001eb400220;Zm00001eb414980,0.625655238,0.827172827
PWY-5973,<i>cis</i>-vaccenate biosynthesis,23,Zm00001eb308620;Zm00001eb176310;Zm00001eb051650;Zm00001eb033580;Zm00001eb028240;Zm00001eb348600;Zm00001eb281830;Zm00001eb170970;Zm00001eb420880;Zm00001eb387330;Zm00001eb378920;Zm00001eb243890;Zm00001eb241560;Zm00001eb086000;Zm00001eb035040;Zm00001eb109290;Zm00001eb392890;Zm00001eb317680;Zm00001eb249670;Zm00001eb249640;Zm00001eb149570;Zm00001eb102360;Zm00001eb074540,0.626089743,0.798201798
PWY66-21,ethanol degradation II,14,Zm00001eb014500;Zm00001eb061470;Zm00001eb242380;Zm00001eb311650;Zm00001eb396330;Zm00001eb258770;Zm00001eb185610;Zm00001eb168550;Zm00001eb056510;Zm00001eb054970;Zm00001eb026710;Zm00001eb026700;Zm00001eb006770;Zm00001eb006760,0.62820835,0.746253746
PWY-6483,ceramide degradation (generic),6,Zm00001eb043540;Zm00001eb135180;Zm00001eb172780;Zm00001eb324260;Zm00001eb367080;Zm00001eb427640,0.633563815,0.672327672
PWY-6333,acetaldehyde biosynthesis I,9,Zm00001eb258770;Zm00001eb185610;Zm00001eb168550;Zm00001eb056510;Zm00001eb054970;Zm00001eb026710;Zm00001eb026700;Zm00001eb006770;Zm00001eb006760,0.640764661,0.723276723
PWY-6147,6-hydroxymethyl-dihydropterin diphosphate biosynthesis I,5,Zm00001eb067370;Zm00001eb432940;Zm00001eb039720;Zm00001eb039830;Zm00001eb319990,0.641343309,0.662337662
FASYN-ELONG-PWY,fatty acid elongation -- saturated,16,Zm00001eb035040;Zm00001eb086000;Zm00001eb241560;Zm00001eb243890;Zm00001eb378920;Zm00001eb387330;Zm00001eb420880;Zm00001eb028240;Zm00001eb033580;Zm00001eb051650;Zm00001eb176310;Zm00001eb308620;Zm00001eb171040;Zm00001eb170970;Zm00001eb281830;Zm00001eb348600,0.642795694,0.76023976
PWY-5947,lutein biosynthesis,2,Zm00001eb207080;Zm00001eb258960,0.646207869,0.634365634
PWY-8171,molybdenum cofactor biosynthesis,6,Zm00001eb047140;Zm00001eb164720;Zm00001eb305190;Zm00001eb395250;Zm00001eb067470;Zm00001eb432770,0.646909315,0.699300699
PWY-5350,thiosulfate disproportionation IV (rhodanese),6,Zm00001eb031400;Zm00001eb207410;Zm00001eb207830;Zm00001eb210000;Zm00001eb228330;Zm00001eb420080,0.648124419,0.712287712
PWY-6030,serotonin and melatonin biosynthesis,9,Zm00001eb166090;Zm00001eb173020;Zm00001eb416690;Zm00001eb416700;Zm00001eb290780;Zm00001eb284340;Zm00001eb040570;Zm00001eb405160;Zm00001eb405180,0.648798505,0.727272727
PWY-5337,stachyose biosynthesis,10,Zm00001eb061880;Zm00001eb079430;Zm00001eb122980;Zm00001eb129390;Zm00001eb281720;Zm00001eb303190;Zm00001eb394620;Zm00001eb015130;Zm00001eb331150;Zm00001eb395600,0.652302932,0.763236763
PWY-5434,"(3<i>E</i>)-4,8-dimethylnona-1,3,7-triene biosynthesis I",4,Zm00001eb208380;Zm00001eb208400;Zm00001eb230410;Zm00001eb230440,0.653418408,0.68031968
PWY-6367,D-<i>myo</i>-inositol-5-phosphate metabolism,7,Zm00001eb013380;Zm00001eb111990;Zm00001eb174140;Zm00001eb229100;Zm00001eb394390;Zm00001eb039660;Zm00001eb215930,0.654976407,0.711288711
PWY0-1264,biotin-carboxyl carrier protein assembly,6,Zm00001eb064730;Zm00001eb086560;Zm00001eb223980;Zm00001eb419400;Zm00001eb428980;Zm00001eb232860,0.657529704,0.721278721
PWY-5142,acyl-[acyl-carrier protein] thioesterase pathway,6,Zm00001eb074540;Zm00001eb102360;Zm00001eb149570;Zm00001eb249640;Zm00001eb249670;Zm00001eb317680,0.661641914,0.704295704
PWY-5326,sulfite oxidation IV (sulfite oxidase),2,Zm00001eb036560;Zm00001eb129230,0.667876162,0.682317682
PWY-7458,violdelphin biosynthesis,12,Zm00001eb081590;Zm00001eb096780;Zm00001eb098370;Zm00001eb225050;Zm00001eb306210;Zm00001eb423440,0.674434288,0.787212787
PWY-7464,"cyanidin 3,7-diglucoside polyacylation biosynthesis",12,Zm00001eb081590;Zm00001eb096780;Zm00001eb098370;Zm00001eb225050;Zm00001eb306210;Zm00001eb423440,0.674434288,0.791208791
THIOREDOX-PWY,thioredoxin pathway,21,Zm00001eb004060;Zm00001eb038620;Zm00001eb064590;Zm00001eb077840;Zm00001eb085190;Zm00001eb105530;Zm00001eb131830;Zm00001eb175620;Zm00001eb201870;Zm00001eb210730;Zm00001eb240990;Zm00001eb241960;Zm00001eb247320;Zm00001eb248840;Zm00001eb252570;Zm00001eb281340;Zm00001eb300050;Zm00001eb329630;Zm00001eb360150;Zm00001eb389310;Zm00001eb424600,0.681363892,0.85014985
PWY-4861,UDP-&alpha;-D-galacturonate biosynthesis I (from UDP-D-glucuronate),9,Zm00001eb010710;Zm00001eb036220;Zm00001eb257590;Zm00001eb278370;Zm00001eb280450;Zm00001eb287360;Zm00001eb317540;Zm00001eb374410;Zm00001eb398580,0.688765194,0.775224775
PWY3O-4107,NAD salvage pathway V (PNC V cycle),15,Zm00001eb425070;Zm00001eb094700;Zm00001eb054500;Zm00001eb076800;Zm00001eb112520;Zm00001eb184080;Zm00001eb240060;Zm00001eb246580;Zm00001eb255310;Zm00001eb290380;Zm00001eb063870;Zm00001eb082870;Zm00001eb082880;Zm00001eb422480;Zm00001eb191530,0.694585105,0.813186813
PWY-7120,esterified suberin biosynthesis,4,Zm00001eb027660;Zm00001eb146710;Zm00001eb223500;Zm00001eb366700,0.711727329,0.754245754
PROUT-PWY,L-proline degradation I,6,Zm00001eb289500;Zm00001eb294160;Zm00001eb347680;Zm00001eb367740;Zm00001eb022980;Zm00001eb391720,0.73146627,0.822177822
PWY-6922,L-<i>N<sup>&delta;</sup></i>-acetylornithine biosynthesis,12,Zm00001eb289500;Zm00001eb347680;Zm00001eb367740;Zm00001eb022980;Zm00001eb391720;Zm00001eb050460;Zm00001eb004140;Zm00001eb403080;Zm00001eb418690,0.745656569,0.846153846
PWY66-385,dTMP <i>de novo</i> biosynthesis (mitochondrial),15,Zm00001eb027080;Zm00001eb112740;Zm00001eb169580;Zm00001eb030210;Zm00001eb056550;Zm00001eb146170;Zm00001eb170020;Zm00001eb345190;Zm00001eb366470;Zm00001eb081380;Zm00001eb111750;Zm00001eb331210,0.745911716,0.869130869
PWY-6745,phytochelatins biosynthesis,4,Zm00001eb080950;Zm00001eb245090;Zm00001eb335970;Zm00001eb338260,0.749697851,0.799200799
PWY-6717,"(1,4)-&beta;-D-xylan degradation",23,Zm00001eb075730;Zm00001eb090260;Zm00001eb100250;Zm00001eb125360;Zm00001eb165230;Zm00001eb199050;Zm00001eb199060;Zm00001eb255140;Zm00001eb314240;Zm00001eb327320;Zm00001eb339760;Zm00001eb388370;Zm00001eb431850;Zm00001eb007740;Zm00001eb010420;Zm00001eb125060;Zm00001eb125100;Zm00001eb217500;Zm00001eb241670;Zm00001eb306530;Zm00001eb400770;Zm00001eb400780;Zm00001eb420100,0.7541228,0.907092907
PWY-6012,acyl carrier protein metabolism,5,Zm00001eb000710;Zm00001eb079300;Zm00001eb165220;Zm00001eb196200;Zm00001eb425140,0.761389081,0.834165834
PWY-7683,nitrite reduction (hemoglobin),2,Zm00001eb293010,0.76279,0.811188811
PWY-6950,DIMBOA-glucoside biosynthesis,7,Zm00001eb116010;Zm00001eb121990;Zm00001eb373400;Zm00001eb410960;Zm00001eb413470;Zm00001eb169520;Zm00001eb170300,0.768785633,0.847152847
PWY-5115,GDP-L-galactose biosynthesis,2,Zm00001eb047980;Zm00001eb167750,0.783286591,0.821178821
PWY-7560,methylerythritol phosphate pathway II,19,Zm00001eb192570;Zm00001eb288110;Zm00001eb323510;Zm00001eb349410;Zm00001eb145390;Zm00001eb365960;Zm00001eb150630;Zm00001eb056240;Zm00001eb246530;Zm00001eb187250;Zm00001eb250670;Zm00001eb126690;Zm00001eb302370;Zm00001eb334370;Zm00001eb334380;Zm00001eb287860;Zm00001eb377300,0.791239361,0.915084915
PWY-8137,NADPH repair (eukaryotes),2,Zm00001eb168810;Zm00001eb027880,0.796845474,0.828171828
PWY-1822,indole-3-acetate activation I,5,Zm00001eb000290;Zm00001eb211100;Zm00001eb304520;Zm00001eb304530;Zm00001eb226030,0.804018994,0.884115884
PWY-3462,L-phenylalanine biosynthesis II,10,Zm00001eb084260;Zm00001eb096110;Zm00001eb217510;Zm00001eb322550;Zm00001eb397170;Zm00001eb404610;Zm00001eb421790;Zm00001eb179760;Zm00001eb311210;Zm00001eb370320,0.805613137,0.928071928
PWY-3385,choline biosynthesis I,16,Zm00001eb239700;Zm00001eb045860;Zm00001eb148100;Zm00001eb149130;Zm00001eb155940;Zm00001eb221850;Zm00001eb294690;Zm00001eb341430;Zm00001eb360800;Zm00001eb027420;Zm00001eb100060;Zm00001eb154820;Zm00001eb207730;Zm00001eb293970;Zm00001eb313980;Zm00001eb337610,0.806792651,0.915084915
PWY-6441,spermine and spermidine degradation III,30,Zm00001eb021760;Zm00001eb066680;Zm00001eb070310;Zm00001eb074140;Zm00001eb097420;Zm00001eb123840;Zm00001eb155140;Zm00001eb223370;Zm00001eb255360;Zm00001eb257220;Zm00001eb273170;Zm00001eb295270;Zm00001eb416560;Zm00001eb431200;Zm00001eb433420,0.81560153,0.951048951
PWY-7199,pyrimidine deoxyribonucleosides salvage,8,Zm00001eb027080;Zm00001eb112740;Zm00001eb169580;Zm00001eb146250;Zm00001eb348750;Zm00001eb021070;Zm00001eb155060;Zm00001eb361370,0.816313264,0.894105894
PWY-82,UDP-&beta;-L-arabinose biosynthesis II (from &beta;-L-arabinose),6,Zm00001eb145120;Zm00001eb195690;Zm00001eb208110;Zm00001eb227090;Zm00001eb315700;Zm00001eb347750,0.819122348,0.893106893
PWY-7075,phenylethyl acetate biosynthesis,1,Zm00001eb089190,0.82026,0.817182817
PWY-6440,spermine and spermidine degradation II,6,Zm00001eb008280;Zm00001eb008300;Zm00001eb413630,0.825543064,0.885114885
PWY0A-6303,methyl indole-3-acetate interconversion,7,Zm00001eb093910;Zm00001eb108850;Zm00001eb151170;Zm00001eb195460;Zm00001eb326940;Zm00001eb342270;Zm00001eb363470,0.834998495,0.913086913
PWY-6120,L-tyrosine biosynthesis III,5,Zm00001eb227480;Zm00001eb227560;Zm00001eb179760;Zm00001eb311210;Zm00001eb370320,0.837808932,0.915084915
PWY-7546,diphthamide biosynthesis II (eukaryotes),7,Zm00001eb017150;Zm00001eb426250;Zm00001eb064030;Zm00001eb258780;Zm00001eb274880;Zm00001eb389160;Zm00001eb258450,0.840751214,0.926073926
HEME-BIOSYNTHESIS-II,heme <i>b</i> biosynthesis I (aerobic),9,Zm00001eb097670;Zm00001eb224970;Zm00001eb229540;Zm00001eb244110;Zm00001eb078900;Zm00001eb129560;Zm00001eb332380;Zm00001eb160660;Zm00001eb360150,0.84433873,0.933066933
HISTSYN-PWY,L-histidine biosynthesis,12,Zm00001eb316500;Zm00001eb332710;Zm00001eb020250;Zm00001eb287580;Zm00001eb011150;Zm00001eb081410;Zm00001eb070570;Zm00001eb252330;Zm00001eb333360;Zm00001eb059830,0.845338224,0.946053946
PWY-5886,3-(4-hydroxyphenyl)pyruvate biosynthesis,4,Zm00001eb122460;Zm00001eb149140;Zm00001eb165890;Zm00001eb336900,0.8502957,0.902097902
PWY4FS-3,phosphatidylcholine biosynthesis III,9,Zm00001eb184520;Zm00001eb045860;Zm00001eb148100;Zm00001eb149130;Zm00001eb155940;Zm00001eb221850;Zm00001eb294690;Zm00001eb341430;Zm00001eb360800,0.854241059,0.937062937
CITRULLINE-DEG-PWY,L-citrulline degradation,14,Zm00001eb160030;Zm00001eb188530;Zm00001eb252240;Zm00001eb356970;Zm00001eb001310;Zm00001eb001330;Zm00001eb126200;Zm00001eb188330;Zm00001eb216710;Zm00001eb252020;Zm00001eb255250;Zm00001eb257230;Zm00001eb403320;Zm00001eb419090,0.85538979,0.958041958
PWY-5172,acetyl-CoA biosynthesis from citrate,8,Zm00001eb032740;Zm00001eb113120;Zm00001eb113130;Zm00001eb130080;Zm00001eb136880;Zm00001eb164780;Zm00001eb340370;Zm00001eb341320,0.859451604,0.942057942
PHOSLIPSYN2-PWY,superpathway of phospholipid biosynthesis II (plants),12,Zm00001eb016810;Zm00001eb103650;Zm00001eb125990;Zm00001eb254310;Zm00001eb294100;Zm00001eb295120;Zm00001eb335270;Zm00001eb343120;Zm00001eb367010;Zm00001eb371470;Zm00001eb274200;Zm00001eb389940,0.860424083,0.943056943
PWY-4984,urea cycle,13,Zm00001eb418690;Zm00001eb396370;Zm00001eb411740;Zm00001eb001310;Zm00001eb001330;Zm00001eb126200;Zm00001eb188330;Zm00001eb216710;Zm00001eb252020;Zm00001eb255250;Zm00001eb257230;Zm00001eb403320;Zm00001eb419090,0.866549643,0.958041958
PWY4FS-4,phosphatidylcholine biosynthesis IV,8,Zm00001eb045860;Zm00001eb148100;Zm00001eb149130;Zm00001eb155940;Zm00001eb221850;Zm00001eb294690;Zm00001eb341430;Zm00001eb360800,0.872105884,0.952047952
PWY18C3-24,methylsalicylate degradation,2,Zm00001eb151170;Zm00001eb342270,0.878406609,0.911088911
PWY-5669,phosphatidylserine and phosphatidylethanolamine biosynthesis I,13,Zm00001eb011090;Zm00001eb141090;Zm00001eb362570;Zm00001eb016810;Zm00001eb103650;Zm00001eb125990;Zm00001eb254310;Zm00001eb294100;Zm00001eb295120;Zm00001eb335270;Zm00001eb343120;Zm00001eb367010;Zm00001eb371470,0.879652453,0.956043956
PWY-6498,eumelanin biosynthesis,2,Zm00001eb195060;Zm00001eb226780,0.889951704,0.918081918
PWY-2901,cytokinins 9-<i>N</i>-glucoside biosynthesis,6,Zm00001eb304050,0.89412,0.946053946
PWY-2541,phytosterol biosynthesis (plants),15,Zm00001eb015490;Zm00001eb291140;Zm00001eb352210;Zm00001eb405760;Zm00001eb170580;Zm00001eb163800;Zm00001eb159000;Zm00001eb335380;Zm00001eb125130;Zm00001eb002850;Zm00001eb126960;Zm00001eb334120;Zm00001eb265520,0.895689865,0.981018981
PWY-3982,uracil degradation I (reductive),5,Zm00001eb321550;Zm00001eb150370;Zm00001eb206970;Zm00001eb253890;Zm00001eb409720,0.904205705,0.962037962
PWY-5107,phytol salvage pathway,1,Zm00001eb066790,0.92319,0.938061938
PWY-6613,"tetrahydrofolate salvage from 5,10-methenyltetrahydrofolate",4,Zm00001eb082710;Zm00001eb098250;Zm00001eb208240;Zm00001eb354230,0.924243005,0.964035964
PWY-7029,terminal olefins biosynthesis II,1,Zm00001eb394300,0.92555,0.933066933
PWY-7590,"(7Z,10Z,13Z)-hexadecatrienoate biosynthesis",3,Zm00001eb013340;Zm00001eb111980;Zm00001eb397050,0.942861048,0.974025974
PWY-6,GDP-L-fucose biosynthesis II (from L-fucose),2,Zm00001eb001000,0.94564,0.984015984
PWY18C3-1,"cholesterol biosynthesis (plants, early side-chain reductase)",2,Zm00001eb335380;Zm00001eb125130,0.967877922,0.985014985
PWY-6163,chorismate biosynthesis from 3-dehydroquinate,8,Zm00001eb137730;Zm00001eb410660;Zm00001eb069000;Zm00001eb194410;Zm00001eb254940;Zm00001eb378020;Zm00001eb011020;Zm00001eb398410,0.991434728,1
PWY-4,UDP-&alpha;-D-galacturonate biosynthesis II (from D-galacturonate),0,NA,NA,NA
PWY-5377,&alpha;-amyrin biosynthesis,0,NA,NA,NA
PWY-5793,maysin biosynthesis,0,NA,NA,NA
PWY-6068,indican biosynthesis,0,NA,NA,NA
PWY-6069,indigo biosynthesis,0,NA,NA,NA